视频标题,视频作者,网页链接,主题,播放量,点赞量,硬币量,收藏数
它开播前被群嘲，却凭口碑逆袭成开年王炸！,三代鹿人,https://b23.tv/BV1tP4y1C79q,国产原创相关,5151811,351060,120602,53717
翻盘！竟然是谁都想不到的结果！！！,啊吗粽,https://b23.tv/BV1NG4y1j78a,搞笑,4936318,396437,230925,62804
第一次在兄弟面前展示才艺,leomantic,https://b23.tv/BV1ND4y1L7rS,演奏,8159148,1206208,409521,452062
“睡教”,洪某人i,https://b23.tv/BV1YY4y1f7DH,搞笑,7154142,800520,189256,211642
王冰冰的街头实验,央视新闻,https://b23.tv/BV1nM411h7xG,日常,6342427,387824,84240,40100
这是什么离谱的操作啊！！,FoFTG,https://b23.tv/BV19g411W7AU,单机游戏,8736483,773753,121420,232709
新春特供|| 西游宇宙法宝等级的权力深意，天上对人间控制的终极手段,渤海小吏,https://b23.tv/BV1GG4y1y7DL,人文历史,4382375,371348,370178,116461
盲猜B站22年最火的视频，居然有一半没看过？,中国BOY超级大猩猩,https://b23.tv/BV1GY411y7Yt,日常,3974709,294081,81826,41781
《原神》3.4版本PV：「磬弦奏华夜」,原神,https://b23.tv/BV1fR4y127PT,手机游戏,7437799,380603,129569,69216
群青,耀仔爱掀琴,https://b23.tv/BV1q3411m7ZT,演奏,4482310,533545,33350,59929
薯 条 之 王 天 花 板,阿彭彭阿,https://b23.tv/BV1D8411K7eK,美食制作,5062443,397114,180551,46450
相 癌 相 杀,快乐阿依,https://b23.tv/BV1gA411Z75B,鬼畜剧场,2023819,255618,26200,45737
天王老子来了也得加钱,郑童童,https://b23.tv/BV1jD4y1V7fL,搞笑,4532124,485965,123782,61271
瑞典水手如何迎娶阿依土鳖公主？【硬核狠人45】,小约翰可汗,https://b23.tv/BV1uM411h7MN,人文历史,4136586,290714,139366,41004
【引航者试炼】TN-1至TN-4 恢宏试炼 简单好抄,萧然Q,https://b23.tv/BV1YD4y1p7Pd,手机游戏,4111902,108186,85729,24830
松鼠：空投掉脸上了,强哥゜,https://b23.tv/BV1c44y1R77f,动物二创,7964623,572613,21759,102641
一年一度 催婚实录,姚姚不是P30,https://b23.tv/BV1g8411K7Re,搞笑,7399085,435588,7489,20872
《原神》角色演示-「伐难：净水之力」,Lct火红枣,https://b23.tv/BV1PG4y1j7Cb,MMD·3D,3635045,289178,70988,54462
奸商：3千元笔记本卖你5千犯法吗？女生电脑城买笔记本实录,阿狸才不是受,https://b23.tv/BV1yM411F74s,数码,3388798,206160,80706,29773
耗时6个月，我画出了大家期待的石之海结局！（没有刀子！）,天气预报--狂风暴雨,https://b23.tv/BV1cG4y1L7do,综合,1037219,133735,143562,83453
做了个炸蛋，好吃到不行！,小傲想睡觉,https://b23.tv/BV1G3411U7Ux,美食制作,5206917,339048,73799,62659
《未定事件簿》「故城黎明的回响」活动PV：天地盟誓，人间为谁春,未定事件簿,https://b23.tv/BV1Z24y1Y7zP,手机游戏,3541619,224935,121521,72197
梅西C罗亮相春晚节目曝光！,董老厮来了,https://b23.tv/BV1Q24y1e75f,足球,2858828,200728,7296,14433
张主任：青铜局里怎么混进来个王者,胖超说艺考V,https://b23.tv/BV1CK41127rV,音乐教学,7416493,812425,14872,76271
《明日方舟》SideStory「登临意」活动宣传PV,明日方舟,https://b23.tv/BV1ee4y137g3,手机游戏,2417317,117557,40603,18908
【逗鱼时刻】第385期 这旅程，我们一起走过,天天卡牌,https://b23.tv/BV1P24y1Y75B,桌游棋牌,1587030,104672,87267,23511
在课上放我们配的小时代外国同学都看呆了,弗雷达不要拖拉,https://b23.tv/BV1GA411D7Zo,影视杂谈,6775030,564775,137383,165975
百年后，专家看到这幅《奥特出浴图》陷入沉思…,极致画迹,https://b23.tv/BV1g84y1a7Pe,绘画,4134357,121912,1311,28449
22岁的夏天，我攒够了钱，决定出国,185同学,https://b23.tv/BV1rA411f7Bo,日常,2509257,140323,61370,36209
回忆杀！300秒带你看完中国百年婚服的演变，看完想结婚吗?,老八捌,https://b23.tv/BV1G24y1i74U,穿搭,1725853,69992,18458,19810
哈士奇到底有多贱,沈肉肉是个二哈,https://b23.tv/BV1C3411m7EH,汪星人,7359862,600254,32504,104813
关于流行音乐的深度研究：华语音乐已经完蛋了吗？,小凡今天出片了吗,https://b23.tv/BV1m8411P7v7,科学科普,6707805,680321,664323,351403
当我送一个橘猫板凳给我家猫，我家猫的反应,好多喵meow,https://b23.tv/BV1KA411Z7wj,喵星人,5057413,277535,4562,29145
【真人火影】耗时480小时！超燃还原死门凯！,神奇的老皮VFX,https://b23.tv/BV1re4y1V769,短片·手书·配音,4633822,282789,101322,59537
露营绳结之王—布林结。坚固无比，安全可靠，你学会了吗？,露营叔,https://b23.tv/BV1KR4y127mX,出行,4082164,339141,17777,261639
“这个视频只能看一眼”,-影子a,https://b23.tv/BV198411N7LG,综合,8596321,478625,276820,267703
69块钱“新冠险”确诊赔两万？在线发钱是吧？【慧小媛】,慧小媛,https://b23.tv/BV1DR4y117Nx,社科·法律·心理,2313564,230567,23282,12268
你 这 腿 有 问 题 啊！,鲲局长,https://b23.tv/BV1t84y1a71B,鬼畜剧场,4466839,372622,18203,50809
【含梗过多】✨阳✨光✨开✨朗✨大✨男✨孩✨儿✨,HOPEMUZIE,https://b23.tv/BV1tA411f7jY,短片·手书·配音,5552952,516712,153606,243462
我的爷爷是个发明家，他发明了辣条！！,他叫阿园,https://b23.tv/BV19G4y1w7YQ,出行,4442349,538116,16676,37456
这是一个没头没脑的陷阱！,幕川北,https://b23.tv/BV1n14y1g7Mi,单机游戏,5621587,345590,11148,49131
女人出门必须要有一个像样的包，就像男人要有一双像样的皮鞋！,帅农鸟哥,https://b23.tv/BV13G4y127fS,手工,2069625,196901,19793,4638
视频网站的“蓝光”是怎么骗你的？——视频画质全解析【柴知道】,柴知道,https://b23.tv/BV1nW4y1V7kR,科学科普,2313894,159866,128734,89674
别样的年味！潮汕英歌舞！,阿靖zi-,https://b23.tv/BV14P411F7Yi,美妆护肤,994991,144994,16416,7391
因为不自信，我被哈佛教授找谈话了,他塔拉,https://b23.tv/BV1414y137uK,日常,626546,74118,20071,29797
你们再这么搞，这可能是最后一期粉丝开箱了,疯狂大笑总,https://b23.tv/BV15G4y1y7q7,搞笑,2445228,305614,6423,11424
被偶像拥抱是什么体验？？,J神呢,https://b23.tv/BV1pg411s7Vo,出行,4462490,480773,27858,42924
120万人决定离开西海固,遇真纪事,https://b23.tv/BV12P4y1C7jm,三农,802889,46950,18159,8151
"你画我穿2.0, 但搭配好的衣服送你",鹦鹉梨,https://b23.tv/BV1Z3411m7HD,穿搭,1859211,145145,86508,40198
一个迷茫的当代青年，我想去思考…,狂阿弥,https://b23.tv/BV1jd4y177m9,职业职场,689130,60336,57686,27841
【官方MV】《One Last Chicken》 再见了，所有的只因战士,汤姆的混乱空间,https://b23.tv/BV1Mx4y137fa,搞笑,12603855,1021800,661340,418538
【半佛】2023年了，谁还集五福啊？,硬核的半佛仙人,https://b23.tv/BV1Rs4y147Qf,财经商业,5746034,158865,19856,9507
《桌子有后坐 打枪更快乐2》,马鹿blyat,https://b23.tv/BV1LY4y1Z7T5,极客DIY,11664649,949508,199458,137593
自制兔子烟雾加湿器,手工耿,https://b23.tv/BV1JR4y1e7BS,极客DIY,5236084,489535,183134,38374
兄弟…你投屏忘关了,逗比的雀巢,https://b23.tv/BV1jx4y137FY,搞笑,8819237,857162,385284,151660
无敌了！这一期直接超神！！！,在下哲别,https://b23.tv/BV1WG4y1C7mT,搞笑,5398788,452419,312532,90735
都什么年代，谁还当传统齐天大圣？！！,马刀刻森,https://b23.tv/BV1k14y1T745,短片·手书·配音,3662372,245268,104853,78449
B站春节特别企划《第3286个站》| 从世界，奔向家,哔哩哔哩弹幕网,https://b23.tv/BV1uD4y1W7Wf,日常,1243957,41710,11952,12099
红 包 拿 稳,特效小哥studio,https://b23.tv/BV1E8411A7ec,手机游戏,1607916,126121,52042,22405
《原神》PV短片——「诸苦无隙」,原神,https://b23.tv/BV1R84y187Y5,手机游戏,9181009,908313,568864,287524
⚡ 舞 动 春 晚 ⚡  2.0,街头寻梦,https://b23.tv/BV153411d7sB,搞笑,2373075,226105,56849,42756
考试，但没及格,杜海皇,https://b23.tv/BV1vP4y1k7V7,搞笑,10478004,558727,193357,176914
深夜小桌游,高斯Goh,https://b23.tv/BV1FW4y137Tx,桌游棋牌,7553185,438327,150472,103551
当《神女劈观》遇上《木兰诗》 尚雯婕杨扬上演跨界合唱,央视新闻,https://b23.tv/BV1oY4y1f7qf,音乐现场,3658063,419044,164007,104151
怪盗积德,老番茄,https://b23.tv/BV1S8411A7Pg,单机游戏,6331547,608096,86501,73426
【卢克文工作室】“荒漠屠夫”惠然翻车事件，揭露经济链潜规则！,卢克文工作室,https://b23.tv/BV1y84y1h7p5,社会,5826166,282409,39053,36191
这句上联！居然300年无人能对？！你那么好看，要不来试试？,啊Sai在纽约,https://b23.tv/BV1z14y1M74m,人文历史,4290677,575441,93779,160692
“我玩了400个小时不知火舞，但我从没见过她长什么样”,单机肥肥王日君,https://b23.tv/BV1DY411y7Fj,单机游戏,5223988,417570,294078,96089
寄生虫-自闭测试,花少北丶,https://b23.tv/BV1224y1a7ks,搞笑,3341148,378468,290154,102317
【奇谭】“生活把我搓成桃，大圣送我三根毛”,司墨尧smile,https://b23.tv/BV1Ne4y1F7kV,原创音乐,3204621,264078,77004,133214
《兔哥惊魂记》：游戏科学兔年贺岁小短片,黑神话之悟空,https://b23.tv/BV1t3411Z7jg,单机游戏,3187145,263904,132172,31228
黄沙无绿肥，老树独饮酒。清枝衬明月，惆怅落满杯。复原白居易诗中的黄金角狮,李意纯,https://b23.tv/BV12G4y1k7S4,手工,3217666,550628,376313,54348
“小英雄大肚腩”,大果叮w,https://b23.tv/BV1NM411c7kM,综合,6151440,1026288,205035,276746
一秒立4颗骰子？高速慢放20倍，五分钟速通花式骰子！,亿点点不一样,https://b23.tv/BV1cY411R7gz,野生技能协会,5969046,530413,91531,232477
1999年的中国发生了什么？【激荡四十年·1999】,大象放映室,https://b23.tv/BV1Gv4y1C7VB,影视杂谈,2722951,204438,228073,72205
《流浪地球2》定义主题曲《人是_》MV！纵使光亮微茫，依然奋力前行！命运打不败活着！,卡布叻周深,https://b23.tv/BV1bY41197mq,MV,4291209,295202,223231,128891
两个月，自己设计+拼装，自然选择号，前进四！——《三体》,凹凸赛克,https://b23.tv/BV1m24y1Y7rv,极客DIY,5699233,434413,244665,149677
一盒榨菜卖800块？原来砖家说我们吃不起的榨菜是这个？,南翔不爱吃饭,https://b23.tv/BV1Sv4y1y7K7,美食制作,10987299,480352,165493,169514
自己能做到的事尽量不去麻烦别人,鹏远LPY,https://b23.tv/BV1qG4y1w7my,演奏,6510856,944521,114339,97993
竟然这么巧妙！我熬了一个通宵才研究明白，可达鸭吸管的原理,大宽物理,https://b23.tv/BV1cY411R7vp,科学科普,5436219,356200,48079,92160
我是一只龙兔兔，抓我来碰好运气！,哔哩哔哩弹幕网,https://b23.tv/BV1T84y1h7PH,短片·手书·配音,3186605,74575,6501,9581
高中生用全部积蓄为自己最爱的战地拍摄了一部短片《不可测的明天》,某少前菜鸡指挥官,https://b23.tv/BV1p24y1h7Hi,小剧场,1537425,192076,95656,31793
我 以 为 只 是 吃 饭,TES-Rookie,https://b23.tv/BV1jR4y1a77W,电子竞技,1595619,106541,57404,19836
特仑苏新春钜献《更好的2023》,特仑苏官方账号,https://b23.tv/BV1cY4y1f7vP,小剧场,4504736,37290,3721,4425
【兔限皮肤第五弹】炽霜斩山，诸犍霸气上阵！——李信-山海·炽霜斩来啦！,王者荣耀,https://b23.tv/BV1qK411r7cf,电子竞技,2965274,99851,19015,12999
【春节贺岁片】拐角遇到真爱，也有可能是警察,大漠叔叔,https://b23.tv/BV1d84y187h1,小剧场,1465640,200336,197474,33639
张镇辉台球正经教学【6个不太建议使用的技巧】17.0版本,张镇辉台球教学,https://b23.tv/BV1wv4y117mi,运动综合,4536610,404017,9468,31522
史上最厕一月番？史上最乐一月番！2023一月新番开播吐槽！,瓶子君152,https://b23.tv/BV1A14y1g7PC,动漫杂谈,2484829,188590,54832,23538
满门忠烈,万事屋大磨头,https://b23.tv/BV1aR4y1276c,特摄,3240020,221911,10748,37505
冬季骑行东北，硬刚寒潮电量耗尽入住50元小旅馆，吃个铁锅炖舒服一下,徐云流浪中国,https://b23.tv/BV1d84y1h7VU,出行,2425911,137303,85119,8674
爱是一道柔光，如此美妙,vivo,https://b23.tv/BV1WK411C7b6,综合,3641790,29994,1643,3387
战鹰大小姐想让我告白？,暂离二度,https://b23.tv/BV1UY411Q7EU,鬼畜调教,1805781,127388,66190,31306
【warma】我阻止了地球末日！,Warma,https://b23.tv/BV1ZY4y1f79x,短片·手书·配音,3141889,410583,115216,92210
祝大家新春快乐！一起喝暴雪绿茶,网易招聘,https://b23.tv/BV1ux4y1g7SZ,搞笑,2337182,256365,30609,24005
(现实世界 vs 中二动漫) 不行了 中二病犯了！,星有野,https://b23.tv/BV1CD4y1W7u3,短片·手书·配音,6483574,466821,35374,73581
多音字都是咋来的？,安森垚,https://b23.tv/BV1fP4y1r71X,人文历史,2670127,304512,25952,46771
全网话题破80亿假背景的地方，它冬天是什么样子？经典重现！,疆域阿力木,https://b23.tv/BV1w84y187vU,三农,3445840,400078,24466,12670
鬼迷心窍的阳光房,罗兰朵女士,https://b23.tv/BV1UD4y1H7nK,家居房产,3726880,133666,11818,17490
【STN快报第七季02】EPIC管中国人叫爸爸的原因找到了，竟是因为孙子,STN工作室,https://b23.tv/BV16A411o7gF,单机游戏,1929418,138432,59572,18752
连这些也不是全国统一的？,粤知一二,https://b23.tv/BV1Ld4y157K8,搞笑,5338712,419425,7516,34775
在吗？你可以永远相信不知火🔥,河野华,https://b23.tv/BV1g3411o769,仿妆cos,3248343,308102,83211,84068
2023我的世界拜年纪,小潮院长,https://b23.tv/BV1a24y167fo,单机游戏,9402777,1056816,1365333,591721
🏮你被骗了，但是中国风🏮,哦呼w,https://b23.tv/BV1SD4y1J7uY,鬼畜调教,8030784,1408684,598367,436013
快拿这个视频去诈骗你们化学老师,根号六十四,https://b23.tv/BV1nG4y197jd,搞笑,7847531,930766,320508,347495
史上最离谱随机挑战！我们居然随机到去找邓超蹭饭！！！【第八期】,雨哥到处跑,https://b23.tv/BV1mx4y1M7m8,搞笑,14555602,1653032,967227,305835
它，今年春节档最“奇怪”的电影？,三代鹿人,https://b23.tv/BV1u84y177ui,影视杂谈,4423032,394095,194335,77063
【原神新春会】我不曾忘记 | 致旅行中的你,YuHChiliChill,https://b23.tv/BV1P24y1a7Lt,原创音乐,11059017,909020,1121408,696772
2023哔哩哔哩拜年纪,哔哩哔哩拜年纪,https://b23.tv/BV1zv4y117zo,综合,15213690,233734,148176,101457
离谱！强行寄生在朋友家一周，他们回来后家里变成了...,花少北丶,https://b23.tv/BV11R4y187Np,搞笑,4952167,486335,299450,95268
脸不疼？硬撑罢了！2022年度动画打脸大总结！【泛式】,泛式,https://b23.tv/BV1QM411q73e,动漫杂谈,3642763,390070,257593,83804
《原神》海灯节CM短片：明霄幻梦,原神,https://b23.tv/BV1jR4y1Y76v,手机游戏,5756547,618483,328670,207462
《第一届炉石年夜饭》,王师傅和小毛毛,https://b23.tv/BV1MY4y1f7TZ,美食侦探,3811273,274532,229046,53353
送完这个礼物，他再也没有回过我消息……,老番茄,https://b23.tv/BV1NG4y1Q7Lz,搞笑,4356269,480443,74448,43386
当熊妈妈第一次当妈妈……虽然手忙脚乱但依然能感受到爱意满满呀～,熊出没BoonieBears,https://b23.tv/BV1CR4y1a7Qp,预告·资讯,5978360,292508,11250,56289
沉浸式吃席，坐小孩儿桌。,日食记,https://b23.tv/BV1Rx4y1u7Rh,美食制作,5193960,381548,186136,43993
《重生之我在云轩做花魁》1—11集无回顾合集,刘炫i,https://b23.tv/BV1GG4y197TB,搞笑,7865931,958343,267103,215679
《崩坏：星穹铁道》跃迁PV：「太空喜剧」,崩坏星穹铁道,https://b23.tv/BV1fA411R7pq,手机游戏,8272755,448598,124305,95256
恭喜发财，但只恭喜自己,霹雳蓝猫,https://b23.tv/BV1ox4y1u7Wu,人力VOCALOID,5852937,469547,154592,158461
爸爸：可恶，我到底生了个什么东西,郭乐乐owo,https://b23.tv/BV1UT41117L2,搞笑,8355793,776284,145203,60367
顺手牵羊之学以致用,文武俩兄弟,https://b23.tv/BV1HT411f7Pr,日常,4008338,372450,34210,12753
深度解析《流浪地球2》这是中国科幻迈向世界的一大步！,利维坦mY,https://b23.tv/BV1X8411w7mJ,影视杂谈,5415899,353282,194706,90267
再见了，暴雪。,夏一可,https://b23.tv/BV14T41127z4,网络游戏,1907356,121630,89919,37639
点了一个外卖员，回老家做年夜饭。,盗月社食遇记,https://b23.tv/BV1tG4y1F7S4,美食侦探,2847048,299567,342891,69747
【抽象围棋】柯洁VS战鹰,猪排派,https://b23.tv/BV1T24y1r7Qn,鬼畜剧场,2055438,158368,69442,25002
销冠大年初五才回老家，回家的路上还是没忍住啊。。。,李如儒也是李蠕蠕,https://b23.tv/BV1bv4y1k75m,搞笑,4658302,297464,8618,28306
在非洲打赌能刷新什么记录？【小约翰】,小约翰可汗,https://b23.tv/BV1A8411w723,人文历史,3564537,237302,85457,42051
《 只 要 是 日 语 就 画 风 突 变 》,绫人太太啊,https://b23.tv/BV1sy4y197eV,搞笑,6705502,392050,57409,61014
约 尔 蹦 迪，但 是 竖 屏 ！❤️【咬人猫】,=咬人猫=,https://b23.tv/BV1GR4y1h7M8,明星舞蹈,4067403,568102,54921,131106
和二次元一起，回家过年。,喵哉小茶馆,https://b23.tv/BV1H84y1j7BL,MAD·AMV,1167786,162993,76529,61692
《明日方舟》EP - 兔兔在哪里？,明日方舟,https://b23.tv/BV1jR4y1Y7zm,原创音乐,1127605,135114,27670,23111
儿童迪迦新春特别篇：团圆夜！！！！,Milk缪客,https://b23.tv/BV1484y1j7Xs,特摄,2301162,91651,23200,29296
树制,牛战士历险记本人,https://b23.tv/BV19A411o7rX,手工,4977798,320041,8067,29449
是兔年，但拿鸡整活......,谭乔,https://b23.tv/BV1vx4y1M7db,搞笑,2260938,196864,21788,10614
怎样在游戏里分辨中国狙击手？,贤良淑德列克星敦太太,https://b23.tv/BV1SD4y1n7su,网络游戏,10869839,484112,15707,66999
【友尽局】玩的挺好，下次别玩了啊,星有野,https://b23.tv/BV1eT411Z7ke,短片·手书·配音,6658264,579124,149034,75822
救命! 是妈之恶魔,菜园一只猪猪,https://b23.tv/BV1K84y177Am,绘画,3317054,386386,19566,25452
口技鞭炮教学《窜天猴》,BBoxer酋长,https://b23.tv/BV1G24y1a7e8,音乐教学,1419385,87989,6940,9930
《鹅山无网》——如果鹅鸭杀启用了中国奇谭地图,随时跑路的阿噗酱,https://b23.tv/BV1nd4y157ND,短片·手书·配音,798943,35262,6281,7871
满配唐僧无伤速通大观园,特效小哥studio,https://b23.tv/BV13841137WS,鬼畜剧场,3510081,277671,38471,36009
焊个高达吧！爆肝自制【全金属】巴巴托斯！（上篇）,梁工的忧郁,https://b23.tv/BV1xA411d7xC,手办·模玩,1593077,120008,106997,41821
万人血书! 梦龙神曲【Bones】LD超炸裂翻唱 - 结尾有UP主跳(社)舞(死)彩蛋~,LD的声乐游乐场,https://b23.tv/BV1K3411o73J,翻唱,956683,72847,67797,17482
真是失礼啊，我们可是纯爱,Nami猪糖糖,https://b23.tv/BV1fM411b7xL,绘画,2009258,318283,253732,31829
支教503天，居然登上央媒啦,Sensikao,https://b23.tv/BV1zY4y1d7Zd,校园学习,1099104,89283,69532,9879
【爷们乐队】中国老歌《水手》被德国人硬核翻唱！味儿正吗？,德国人Leo乐柏说,https://b23.tv/BV1HY411R7nh,翻唱,1186887,74621,29827,17458
上须弥、下地府、飞洞天《黑神话：悟空》新地图、新敌人分析（非拜年解读）,龙崎棒棒糖,https://b23.tv/BV1CP4y1z71K,单机游戏,1507422,98917,86995,19166
我保留了一部分寒假作业,遇虹晨,https://b23.tv/BV1V24y167S2,鬼畜剧场,8540556,586396,117455,125746
《对接の小曲》(官方版本）,我叫瞬哥qaq,https://b23.tv/BV1Q34y1Z7Hg,搞笑,8566844,850931,102370,217954
再见了，《下一个是谁》！！！！,雨哥到处跑,https://b23.tv/BV1TT41117DK,搞笑,5664355,662715,721944,186169
⚡本 草 肛 目⚡,碧天蓝钻,https://b23.tv/BV1Z3411R7o9,人力VOCALOID,4609701,410335,90607,96969
头好痒，要长脑子了,高斯Goh,https://b23.tv/BV1WD4y1J7b7,桌游棋牌,10611087,571379,207477,131541
我留得住大肠本味，却留不住你,澈洌chan,https://b23.tv/BV1kR4y1b7ad,搞笑,6987151,666594,56446,121533
医生问我是怎么做到冻伤又被烫伤的……,疆域阿力木,https://b23.tv/BV1EM411B7n8,三农,8891291,486921,13105,13696
高中生，相信我，它会让你离清华近一点。,小老师钱一,https://b23.tv/BV1Xv4y167WD,校园学习,4206797,572075,179246,381632
禁止废话：为什么火车的铁轨不能摸？涨知识了,省大人的,https://b23.tv/BV18s4y147Qo,科学科普,7597740,506075,39500,70642
二次元角色的习惯,四夕小田木已黑化,https://b23.tv/BV1kM411i7bs,搞笑,9602959,918545,67334,89976
长话短说，中国电影需要《流浪地球》！,三代鹿人,https://b23.tv/BV1Hv4y167Ge,影视杂谈,3037273,335719,196461,51880
这玩意怎么能失传呢！！！？,黑猫厨房,https://b23.tv/BV18T411o7TT,美食制作,5069207,327125,164140,36349
当你把一个技能练到极致的时候,黑旗团队,https://b23.tv/BV19d4y1W7uf,小剧场,9218456,545071,55035,55959
称霸热搜榜！这部剧到底有什么魅力？万字解说国产扫黑剧《狂飙》1~6,小片片说大片,https://b23.tv/BV1Ev4y1r737,影视杂谈,5628134,251683,67326,44277
我还原了MC所有的生物群系！！！,与山0v0,https://b23.tv/BV1F8411G7dN,单机游戏,3200027,322924,244239,118195
找男朋友一定要找爱打游戏的,狈总,https://b23.tv/BV1d3411X75A,搞笑,3511709,341806,12037,26709
有山先生锐评《满江红》，大言炎炎，暴论迭出,有山先生,https://b23.tv/BV1uP4y167Tm,人文历史,2359603,234215,172212,29445
《又又又开业了》,猫不理咖啡,https://b23.tv/BV1ov4y167GC,喵星人,4648958,430626,42993,16885
离谱！兄弟们竟然为了女神大打出手！！！,雨哥到处跑,https://b23.tv/BV1VM4y1R7vp,搞笑,2313038,243753,123420,33569
⚡eat it⚡,B站方块,https://b23.tv/BV1x8411G73x,人力VOCALOID,5537436,411757,92218,86675
普京的最高理想！让欧洲战栗的女帝！《叶卡捷琳娜大帝》P1,木鱼水心,https://b23.tv/BV1xY4y1d7uk,影视杂谈,3980436,285400,148419,63693
流浪地球3：麦当劳危机,晕车的白茶,https://b23.tv/BV1V84y1j7yT,搞笑,4079221,379741,52490,64009
阴阳师奥妙季·2023新春会,解说七老爷,https://b23.tv/BV1Ys4y147Ko,手机游戏,2070014,100781,9064,12992
酒 后 乱 形,大明白兄弟,https://b23.tv/BV1RT411y7Wa,搞笑,6606219,695267,50758,140759
大庆赶海，退潮后发现一根大海葵藏在沙中，挖出来比胳膊还长,大庆赶海,https://b23.tv/BV1mA411k7TS,田园美食,6787166,428474,13048,19353
你愿意回到8年前的利刃华尔兹吗？,布锅锅,https://b23.tv/BV15A411C7yU,电子竞技,1816730,120322,106305,35828
如何在法庭上1挑5,俏佳人xxx,https://b23.tv/BV1eP4y1z77B,社科·法律·心理,5351249,606474,11951,36982
狂飙西装解析来啦,MrDandy胡榛,https://b23.tv/BV1pM4y19745,穿搭,721532,66698,1567,7867
一部电影时间看完火影忍者！史上最全时间线整理！,黝黑蜗壳天眼老师,https://b23.tv/BV1sx4y1M7dT,动漫杂谈,2536161,228414,256585,216134
糟了！掉到漏洞里了！,一小颗青金石,https://b23.tv/BV1vY4y1R7q7,单机游戏,1986534,311507,45115,57239
【狂飙】可是恨的人没死成，爱的人没可能。,菊蛤xx,https://b23.tv/BV1j84y1L7yi,影视剪辑,7415828,653101,464767,332566
暴雪主播现状！曾经的“炉石春哥”，如今进厂烧电焊,老孙聊游戏,https://b23.tv/BV1uG4y1M71S,日常,2793053,82025,15502,6441
骑行东北意外受伤，善良阿姨拉我去家里休养，在冰雪北国感受人间温情,徐云流浪中国,https://b23.tv/BV1hs4y147jq,出行,2382735,161941,118173,11391
阴阳怪气、鄙视链、网暴、互喷，为何互联网环境这么烂？【围炉夜话】,智能路障,https://b23.tv/BV1wA411r7vb,人文历史,2369606,183801,93249,76597
各路Up主来海南作客，都受到了热情招待,大漠叔叔,https://b23.tv/BV1Q34y1f71H,出行,2142241,176320,41619,8509
『整活&教学』《PPAP》&原神：“种门”里应该让谁来堆精通呢？,补补庐,https://b23.tv/BV1KT411Z7t2,手机游戏,2623104,338562,44419,99177
开 床 去 旅 行,猪坚强jqsg999,https://b23.tv/BV1gM4y197ii,手工,3602257,438359,34150,34769
《原神》「流光拾遗之旅」——仙闻篇·内画,原神,https://b23.tv/BV1FY411Q7MX,手机游戏,1570811,214439,87579,25389
RUN,职业逃跑,https://b23.tv/BV1wT41117BD,网络游戏,4903965,420465,9822,62570
雷电将军折纸教程，一张纸不剪不拼,某一个晓,https://b23.tv/BV1oA411k7J2,手工,1334190,104059,42046,77223
【4k】我直接剪开！剪开！！！,菌烨tako,https://b23.tv/BV12Y4y1o7KX,仿妆cos,676898,42455,10068,9664
现在的小孩子到底有什么烦恼啊,叫我死盖就好,https://b23.tv/BV1mP4y1z78e,搞笑,5620586,661950,69922,71583
没长成帅哥美女，怪谁的基因？哪种长相最可能跟你生出帅哥美女？【胖达简妮】,胖达简妮Jennyyy,https://b23.tv/BV1fP4y1z7uE,美妆护肤,902744,18632,2183,17679
播放量120亿! 这条视频在国外解锁了流量密码?!,李格Greg,https://b23.tv/BV1CT411k7iv,日常,2619130,69418,10324,99227
“ 我还是那个笨蛋琪亚娜 ”,河野华,https://b23.tv/BV1Sv4y167vG,仿妆cos,2574208,316388,75292,79828
英国人在中国农村吃席，从没见过这种场面！,肖恩Shaun-Gibson,https://b23.tv/BV1Py4y1R7SM,三农,3812044,190727,12728,18064
“New boy”,是小钱-,https://b23.tv/BV1ST411k7P2,翻唱,2987505,155847,63463,37792
作者会跟自己的画风很像？,auauko,https://b23.tv/BV1aG4y1S7CV,绘画,2065833,329465,3654,41468
"“读孙子兵法,品启强人生”",百万剪辑狮,https://b23.tv/BV1MG4y1S7cm,影视剪辑,6989135,532544,323407,254971
【年度巨献】原神同人大电影 「暗潮」,季年Season,https://b23.tv/BV1hT411d7Fd,手机游戏,3401672,506174,456569,338660
鹅鸭傻,小潮院长,https://b23.tv/BV1Q14y1F7B2,单机游戏,14638257,739353,368574,252798
他的未来规划，真的有我！,杨三岁和小鱼,https://b23.tv/BV15j411M7ik,搞笑,6447916,724615,230938,63630
此乃坤拳，乾坤镜方可修成，我以致乾坤镜九星巅峰，颤抖吧ikun们,坤拳程坤,https://b23.tv/BV1Wx4y1j7tA,运动综合,6845100,764608,101892,164246
看几遍都觉得好笑哈哈哈哈,嘿茗单,https://b23.tv/BV1Bj411M7bz,鬼畜调教,10555754,810608,59028,118609
✨阳✨光✨开✨朗✨大✨男✨孩✨儿✨,深海色带鱼,https://b23.tv/BV1BR4y187W5,鬼畜调教,9624653,366148,109686,107908
故 意 找 茬,茶咩cc,https://b23.tv/BV1vM411e7XP,鬼畜剧场,4790592,255139,25460,41864
公开呼吁取关？！一条视频席卷全国，衣戈猜想走红真的是偶然吗？,影视飓风,https://b23.tv/BV1WD4y1N7jJ,野生技能协会,3557501,298369,215618,89450
【九转大肠俞涛】B站我来了，鬼畜视频可以直接@我了！,俞涛不光会做九转大肠,https://b23.tv/BV1bM411e7dJ,搞笑,10457683,598908,77354,106015
21世纪如何复兴德意志第二帝国？【神奇组织04】,小约翰可汗,https://b23.tv/BV12Y411q7S1,人文历史,4924266,361050,214173,65961
你有没有哪些小妙招是外行人不知道的？大家互相说一下取取经！,聪哥说车,https://b23.tv/BV1nR4y1z74b,汽车生活,6265637,426828,23347,237473
「代号诡秘」赞 美 愚 者 ——《诡秘之主》游戏化PV首曝,代号诡秘,https://b23.tv/BV16d4y1p7vu,原创音乐,4151739,284865,95456,111828
都什么年代了还在看传统狂飙？！,AB鲜,https://b23.tv/BV1NT411d7Lu,搞笑,3196767,229512,81493,54875
评分6.1！彻底坠毁！德凯奥特曼完结吐槽,瓶子君152,https://b23.tv/BV1CR4y1z7Ae,特摄,3538337,197988,60020,27248
煎饼卷大葱！吃到你发懵！,小傲想睡觉,https://b23.tv/BV1i341197FP,美食测评,3339061,271996,61483,32142
我把经典游戏都速通了一遍？？,徐大虾咯,https://b23.tv/BV1RR4y1z7Hv,单机游戏,6827542,286229,54014,85763
我，药系天王,老番茄,https://b23.tv/BV1FA411k7Vk,单机游戏,2571404,253097,73129,33410
不去东北，我说不出这些话….,他叫阿园,https://b23.tv/BV1Dx4y1j76a,出行,4870399,578946,35410,44239
满级高启强屠杀新手村,金渐层烤猪,https://b23.tv/BV1vd4y1n7c6,鬼畜剧场,3917436,176078,61735,55725
不同类型的人表白被拒后的不同回复,轩仔贼giao,https://b23.tv/BV1hy4y1D734,搞笑,5990637,475509,15288,79694
【原神手书】♛来自四神的压迫力♛～王牌特工们的「间谍过家家」～,鲜洋芋,https://b23.tv/BV1Tv4y1b73i,短片·手书·配音,4214965,502971,199591,407626
无厘头西游《车迟国斗法》中,大渣熊,https://b23.tv/BV1nj411M7ns,短片·手书·配音,3349878,176792,78776,28861
耗时半个月，我给表妹做了一张触摸感应桌,开箱嘤嘤怪,https://b23.tv/BV1S8411M7bW,手工,3032813,328838,69494,28004
江西小伙骑行黑龙江，路边铁皮房扎营煮火锅吃，晚上零下26度比冰柜还冷,徐云流浪中国,https://b23.tv/BV1HA41167RB,出行,1533877,109054,71694,7496
学姐让你晚上来，你就得来,某幻君,https://b23.tv/BV1NG4y1T7Mu,单机游戏,1615523,183527,70696,30577
看完流浪地球2，我整个人都不对劲了,阿星and阿奇,https://b23.tv/BV1ax4y1E7Ku,搞笑,5870313,469882,72009,156155
跳着健康健身的阳康比心舞，心情无比畅通比❤,猪哥哥爱跳舞,https://b23.tv/BV18G4y1N7h7,舞蹈综合,4673945,942133,91222,122369
别有洞天,文武俩兄弟,https://b23.tv/BV1fj411T7Kq,日常,2955728,274435,39975,9992
10道10元超简单素菜，我是不相信你会翻车的,万能工具人阿伟,https://b23.tv/BV1YG4y1U7G4,美食制作,1958321,89992,65531,137097
《明日方舟》全新故事「春分」活动宣传PV,明日方舟,https://b23.tv/BV1aA4116773,手机游戏,2063213,127543,30361,14862
《原神》EP - 拈骰冥思之夜,原神,https://b23.tv/BV1KG4y1T76A,手机游戏,1743968,172546,32534,14724
周不弃：短短3年负债8位数，搬出别墅时，孩子说：“爸爸我不想走”,北京青年x凉子访谈录,https://b23.tv/BV1x24y1B7fm,日常,3123196,65164,7708,22499
各职业的兴奋瞬间！,粤知一二,https://b23.tv/BV1vR4y187nk,搞笑,3413652,333107,5195,18880
两分钟视频大哥两次落泪，相信大哥一定可以东山再起！,蔡蔡的vlog,https://b23.tv/BV1X84y157bq,日常,2810671,568553,113873,45351
当我希望爷爷穿的时尚点,康康和爷爷,https://b23.tv/BV1BM411e7SV,穿搭,3839007,280885,2010,18853
隋卞一做| 九转大肠！剪的时候又看饿了……,隋卞做,https://b23.tv/BV1iR4y187Qx,美食制作,1933580,119920,42830,15229
名 侦 探,宝鲁日GO,https://b23.tv/BV1Je4y1A78j,三农,1689861,271951,6900,15106
一场事故，我“救了”两条人命！,袁启聪,https://b23.tv/BV1w8411g7Lf,购车攻略,1692783,177037,121872,34315
【半佛】为啥很多婚礼现场闹的像耍猴？,硬核的半佛仙人,https://b23.tv/BV1tR4y1q7tu,财经商业,1531337,78545,2794,5845
拉扯了20年，我喜欢上了最好的朋友………,汤姆莱纳w,https://b23.tv/BV14d4y1p7Vt,综合,1927044,169741,88559,75568
带姨重返二十岁！留住最美的时光,化妆小天才肖遥,https://b23.tv/BV188411M7ma,美妆护肤,2078581,204991,1259,10606
【蕾塞COS花絮】从半年花光30万涨了3k粉，到一条视频涨粉20万，真刺激！,面面军团,https://b23.tv/BV1MG4y1u7mQ,仿妆cos,673502,50684,16200,5126
狂飙后遗症之火锅。强哥总吃那个火锅，想知道是不是粥底火锅？,-肥猪猪的日常,https://b23.tv/BV1Cj411T7Yx,美食制作,2718461,142837,4504,43242
【JUMP】大学生活费1W，孩子就能成才？,暴躁的仙人JUMP,https://b23.tv/BV19x4y1j7G7,财经商业,1255077,74741,2522,6202
我们复刻了一道米其林三星招牌菜！,绵羊料理,https://b23.tv/BV1V84y1V7En,美食制作,8269219,914286,660580,222722
“我觉得他在占便宜”好人被枪指着，已经是常态,席拉瑞丝,https://b23.tv/BV1dM411Y7Uj,日常,11509083,850742,194462,125926
"""只有这样，才知道你比的是厨师比赛""",一大筐会飞的草莓,https://b23.tv/BV1kx4y1V78T,鬼畜剧场,9934260,759817,233392,271346
中国富豪大换血，十大富豪，你还认识谁？,无处安放的小A,https://b23.tv/BV1hs4y1e7LV,财经商业,7708325,737295,37043,85381
或许这就是年轻人不谈恋爱的原因吧,平盖尔,https://b23.tv/BV11x4y1V75d,社科·法律·心理,6046905,233260,119707,139075
为了不让器官受损，男人选择用水母自杀，成功救活了7个人,长片短解,https://b23.tv/BV1T84y1p7Yi,影视杂谈,4733545,437635,66711,85521
平行时空：我只想给京海人完整的一生,逆转的桥,https://b23.tv/BV1Do4y1v7Hc,影视剪辑,3190858,301346,202092,139829
变形金刚3无限月读【离谱配音】,瑄羽猫,https://b23.tv/BV1MG4y1K7gj,影视杂谈,6239574,642844,79497,181724
一杆进七个！当九球天后遇上高速摄影机，谁会更胜一筹？,亿点点不一样,https://b23.tv/BV1rT411Q7DN,野生技能协会,7588391,587293,108066,85585
DIY折叠桌,大武爱折腾,https://b23.tv/BV1mM411P7K9,家居房产,5097781,367229,14966,72213
《崩坏：星穹铁道》白露角色PV——「天干物燥」,崩坏星穹铁道,https://b23.tv/BV1n84y1G7HE,手机游戏,6314537,449674,67121,69103
“几十年前的台词，现在听起来依旧讽刺呢”,爱睡觉的Koala,https://b23.tv/BV1QM411n74H,综合,7605397,890006,108230,317546
【大家测】实测8999元嘎子手机飞利浦旗 舰S706内置华为HMS？（上篇）原神测试,大家测,https://b23.tv/BV18y4y1f7Jm,数码,2893187,81387,13331,6825
【vlog】我们应该是全网第一个拥有形象代言人的频道了！,小缸和阿灿,https://b23.tv/BV1ov4y147mH,搞笑,1633672,141162,158879,25863
《崩坏3》过场动画——「跨越」,崩坏3第一偶像爱酱,https://b23.tv/BV1784y1p7vM,手机游戏,2222156,167768,114455,63808
当你把台球练到极致的时候,张镇辉台球教学,https://b23.tv/BV1fY411i7Nf,运动综合,4580744,321939,7072,15766
【基德】土叙地震全面报告：天灾叠加人祸，双标的救援,吟游诗人基德,https://b23.tv/BV1cs4y1e7ty,科学科普,2281882,141373,41434,19322
校长是懂针对的,阿沛不开心,https://b23.tv/BV1FM411P7ta,搞笑,2449880,279977,5610,10859
专业偷子,杜海皇,https://b23.tv/BV1584y1V7uM,单机游戏,3216017,245208,68820,48200
想做我高启强的baby吗？,暂离二度,https://b23.tv/BV1mD4y1A76T,鬼畜调教,3429595,329442,88771,82134
【学医致用】瘦了60斤后，终于明白怎么才瘦的快了！I 看了这个视频让你暴瘦10斤！,兔叭咯,https://b23.tv/BV1c14y1c74u,科学科普,2399074,209494,172895,121334
【猛男版】新宝岛丨竖屏重制，史诗级更新,猛男舞团IconX,https://b23.tv/BV1314y1c7gh,手势·网红舞,3749875,712507,118872,86584
【春分】DC-1至DC-8突袭 摆完挂机 简单好抄,萧然Q,https://b23.tv/BV1384y1p7SN,手机游戏,1910040,51512,39421,9160
【STN快报第七季04】在犯罪现场，我一下就知道死的人是谁了,STN工作室,https://b23.tv/BV1K24y1s74s,单机游戏,1485702,121116,102806,24323
本来还挺喜欢玩王者荣耀的……,金牌厨师岛主,https://b23.tv/BV1KM411n7DN,手机游戏,3268338,283851,99756,92600
骑行黑龙江，北国枪城蹭饭逛博物馆，零下30度在五大连池市户外露营,徐云流浪中国,https://b23.tv/BV1Bv4y1s73y,出行,1366083,92752,61921,5883
敬酒不吃吃料酒是吧？,阿文今天吃什么丶,https://b23.tv/BV1h8411T7aP,美食制作,5838265,566977,15391,48029
《铁路沿线》：9岁就出来要饭，23年前的中国“丐帮”令人唏嘘！,人间放映厅,https://b23.tv/BV1DY411i7we,影视杂谈,4561872,333174,40230,67846
爱如火💞...好像哪里不对劲？⚠️,兰音Reine,https://b23.tv/BV1aD4y1w7S2,翻唱,4189589,242486,105993,159917
真正的埃及人初见《原神》须弥地区的反应！,星野派克,https://b23.tv/BV1ae4y1w7Pe,手机游戏,3124960,250318,71906,57182
专属详解版 | 显贵显质感的日常妆容~,程十安an,https://b23.tv/BV1y8411T7VF,美妆护肤,1386643,52470,15041,45315
肯德基：你故意的?,Tiger西西,https://b23.tv/BV1fY411e7N1,美食制作,5377813,544588,23357,32594
加拿大男子偶然看见巨人，之后遭遇更加离奇，惠斯勒山巨人目击事件 | X调查,X调查,https://b23.tv/BV1384y1p7L8,人文历史,1606979,53271,8502,10787
用《狂飙》的方式打开熊出没！,先知导演,https://b23.tv/BV1PA411z7jd,国产原创相关,11714775,677568,180752,454873
这 是......转 生 大 肠,幾加乘,https://b23.tv/BV13Y411i7ii,短片·手书·配音,3220151,226686,92473,48448
纯 狱 小 技 巧,八云兔不秃,https://b23.tv/BV1Po4y1i7Nn,搞笑,2284192,170505,19391,18289
在菜市场开个档口卖鱼赚钱吗？我接手一家二十年的店铺告诉你！,敬汉卿,https://b23.tv/BV19R4y1i7A5,出行,2372991,160841,41579,7960
多个抠搜平替方案！抠抠搜搜，提前退休！,进度条-软装抠搜指南,https://b23.tv/BV1fv4y147J3,家居房产,1554327,151937,24939,50271
《 天 价 水 果 》第三期,记录生活的蛋黄派,https://b23.tv/BV1M24y1p7DG,美食测评,4633413,345348,88190,27894
挑战全网最土的“公主下午茶”，羞辱了多少爱装腔作势的人,小椰子专栏,https://b23.tv/BV1Ps4y1a7tM,社科·法律·心理,9440405,361672,24826,63714
【狂飙】⚡好听，就是好头！,球球特别大,https://b23.tv/BV1GG4y1K7Hm,鬼畜调教,2150118,181898,12491,30949
朋友永远都是游戏最高“配置”,原来是小诚,https://b23.tv/BV15D4y1K7cC,网络游戏,4068130,467135,75200,128931
拒绝答辩，吃点好的！漫威零差评佳作《马面雷神》,努力的Lorre,https://b23.tv/BV1VG4y1K7Nu,动漫杂谈,1923539,172431,40789,20252
4J车厘子有多大？你买的车厘子缩水了吗？【慧小媛】,慧小媛,https://b23.tv/BV1mD4y1A7GN,社科·法律·心理,1608183,186091,27674,11956
娜塔莎2023国际指弹吉他大赛-《Memories》 翻弹 谢嘉荣,陪练琴的三宝妈,https://b23.tv/BV1LG4y1S7bu,演奏,2804664,220059,138187,76433
试用了集合ChatGPT的Bing搜索后，感觉潘多拉魔盒已经打开了【差评君】,差评君,https://b23.tv/BV1ev4y1s7pb,软件应用,2393244,110245,36910,54655
玻璃杯中的小阶梯，这样的风格你们喜欢吗，给它取个名字吧,荒野粗人,https://b23.tv/BV1gj411N73i,三农,2346669,270317,14849,36538
马兆鸥：就不能让我死个痛快吗？【流浪地球】,小天才树仔,https://b23.tv/BV1FD4y1P7Qk,短片·手书·配音,827408,91563,25789,22585
当看完“狂飙”的我去健身房,马哥巨离谱,https://b23.tv/BV1Ze4y1A7bY,健身,1420007,49446,4030,1690
他在世上编织美丽，而我恰巧记录下此刻…,uu开饭了,https://b23.tv/BV1NM411n7bz,手工,2558208,391894,61198,23625
谁教你这样剪的？？！！,归舟四郎,https://b23.tv/BV1L54y1w774,影视剪辑,8215515,582034,338331,226711
⭐️阳光开朗大_____⭐️,抽象派无颜卒,https://b23.tv/BV1Yj411N7gV,搞笑,6670595,602272,93625,162671
《人 类 起 源》,某幻君,https://b23.tv/BV1824y1p7bK,单机游戏,5468017,452313,261163,146644
酸~~~~~~~~~~~~~~~~~~~~~~~~~~~~~~~~~~~~,高斯Goh,https://b23.tv/BV1LR4y1q7G1,桌游棋牌,6634562,431270,191974,119395
《 四 川 冒 菜 全 套 配 方 》,赖皮猴爱美食,https://b23.tv/BV1ny4y1Z7t9,美食制作,3084445,215680,165670,157416
饭店老板玉麒麟亲自下厨，却把茄子吃吐了？【还愿挑战ep17-京春锦府】,王师傅和小毛毛,https://b23.tv/BV15b4119748,美食侦探,2393791,363903,124811,22829
哪国会为了龙虾打一仗？【奇葩小国45】,小约翰可汗,https://b23.tv/BV1uD4y1A7Mp,人文历史,5773464,332257,179515,53436
这 么 多 先 生,哦呼w,https://b23.tv/BV1cY4y1U7LN,鬼畜调教,8903693,550436,119523,95736
知道的人越多！倒闭的关东煮店越多！,摩西是野生的,https://b23.tv/BV1p54y1w7Ti,美食制作,4669324,205250,43910,87172
力斩诸神！Oliveira星际2世界冠军的含金量！,DarkCarrot,https://b23.tv/BV1Jo4y1e7eH,电子竞技,3405247,173872,129466,56298
《原神》迪希雅角色PV——「沙际晨光」,原神,https://b23.tv/BV1vs4y1b7rU,手机游戏,3435052,322886,95868,38208
我似乎找到对抗全球变暖的方法了！,张圣叹Yo,https://b23.tv/BV1tx4y1c7qP,美食测评,5377294,511953,44835,51931
又上央视了。国家营养餐给偏远山区孩子带来了什么好处？,山村支教亮亮老师,https://b23.tv/BV13o4y1v7Ko,日常,3199599,282282,334474,37210
阳光无期大男孩,白勺啊达,https://b23.tv/BV13D4y1G7WZ,人力VOCALOID,3386482,249316,61620,80795
狠  球,万灵缝合厂,https://b23.tv/BV1kb411X7rC,鬼畜剧场,4546810,297530,41864,196648
00后玩B站 VS 10后玩B站,进击的金厂长,https://b23.tv/BV1cy4y1f7Xt,综合,5321634,512815,204694,62213
【沙雕说唱】如果你的代驾司机是个rapper,肥宅快乐雕PhatDeal,https://b23.tv/BV16v4y1W7Sa,原创音乐,1541829,205806,97496,47373
徐 江 大 战 僵 尸,猪排派,https://b23.tv/BV1Vs4y1h7Ap,鬼畜剧场,8089397,361620,40597,58155
《那年夏天，宁静的瑶》,瑶生Y,https://b23.tv/BV1iy4y1Z7sT,搞笑,3642498,487573,87201,73089
鹰酱的粤江南探店，但是柯洁请客,棋手战鹰,https://b23.tv/BV1Av4y1e7Bk,美食记录,2531354,134357,38110,8585
荒野求生第一集【大结局】,逗比的雀巢,https://b23.tv/BV1Ny4y1f7u5,手机游戏,4677108,310293,48237,27373
停服的第四年，机甲们终于找到了回家的路,黯穹,https://b23.tv/BV1eM41177XV,网络游戏,1913865,110336,77612,21104
听说，未来的太空电梯长这样！,开普勒星人,https://b23.tv/BV1DA411m7L5,科学科普,2336039,231302,23381,33168
自制地震床，一地震就掉进床内····,飞飞舰长,https://b23.tv/BV1pA411273w,极客DIY,6030140,242125,4473,34847
必 要 时 我 会 出 家,黄正义,https://b23.tv/BV1do4y1e7Ex,小剧场,8602370,317317,47539,70200
丑开三度！《2023淘宝丑东西颁奖盛典》来了,淘宝,https://b23.tv/BV1JY411e7jP,搞笑,5079257,105239,18913,18495
你要永远相信，你才是世界上独一无二的女人,cheems日记,https://b23.tv/BV18o4y1i7U2,搞笑,3115981,580417,119171,153837
《对接の小曲2.0》(官方版本）,我叫瞬哥qaq,https://b23.tv/BV1Eg4y1p7L7,搞笑,5900893,688075,112244,211302
血赚！原来乐高法拉利超跑还可以做成一把枪！高达老鸟的乐高初体验【RAY】,RAY的模型世界,https://b23.tv/BV1FR4y1v7Jm,手办·模玩,1666263,145741,89084,41073
【半佛】米哈游正面临危险时刻,硬核的半佛仙人,https://b23.tv/BV1DM4y1f7bd,财经商业,2623223,179593,42903,23456
真人卡牌 特效大乱斗！,神奇的老皮VFX,https://b23.tv/BV1TM411A7Ep,桌游棋牌,4641855,325738,151150,114242
当村里只有老人，我成了所有人的“女儿”,春雨梦游记,https://b23.tv/BV13R4y1v7hC,出行,1314881,121010,97047,27887
我和我那嘴硬的兄弟,三个猪鼓励,https://b23.tv/BV1Q24y1n7ZT,搞笑,3458824,191959,3346,9066
剑与战斧的对决！一名剑客的蜕化与救赎！,他说电影,https://b23.tv/BV1DM411J7SC,动漫杂谈,10348925,307561,7077,81766
不当人之《辛辣天塞》,国家二级飞行员,https://b23.tv/BV1Ds4y1h7xP,网络游戏,3564921,263984,7502,29956
骑行穿越大兴安岭，沿途野生动物众多，还好找到一个安全的营地,徐云流浪中国,https://b23.tv/BV1584y1J742,出行,1227131,90224,61777,5870
带心里医生玩狼人杀,旺仔有内涵,https://b23.tv/BV1VD4y1A71q,搞笑,4625651,529392,9580,35377
古代美女合集,永哥抖字画,https://b23.tv/BV1Xv4y1W7AH,绘画,9688239,1048133,207382,56068
【STN快报第七季05】赵灵儿，当时要是有这把AK，我就能救你了,STN工作室,https://b23.tv/BV1Eg4y1p77s,单机游戏,1323340,104490,74260,18520
老师吃席 坐小孩那桌,乡村教师日记,https://b23.tv/BV11M411J7cQ,三农,1377967,126702,132076,10915
张涛：我需要深呼吸！,阿沛不开心,https://b23.tv/BV1DD4y137ve,搞笑,2940981,300704,4430,10695
伪loser，真强者，深度解析影视剧里“出走的女人们”,香芹又青了,https://b23.tv/BV1NA411m7Tf,影视杂谈,1056161,78357,34218,23689
国外专业电音制作人如何评价中国最洗脑的歌？,不是柯桑德,https://b23.tv/BV17u4y1F7Bs,乐评盘点,1214226,87452,22462,9408
沉浸式查成绩,巴拉吧啦778,https://b23.tv/BV1Z54y1F7zJ,日常,3034856,271899,15137,20271
我买了只羊给我家边牧当宠物，结果……,哈仔十一,https://b23.tv/BV1LR4y1v7xg,汪星人,2743208,97103,25142,8582
社恐遇到社恐，谢谢你主动来和我说话,米雷-RayDog,https://b23.tv/BV1Rb411R7yP,绘画,812057,120475,3739,3032
"拼夕夕3块钱一罐的“即食大鲍鱼”,你敢吃吗？？？",姬一元,https://b23.tv/BV1LY411e7md,美食测评,1777315,76341,35926,17652
爆肝一个月！4w枚【订书钉】编制银鳞软甲,玩钉子的钉子,https://b23.tv/BV1LA41117Vr,手工,7850559,973390,514839,145066
璃 月 摇 子,棕与灰9,https://b23.tv/BV1QD4y1g7W6,短片·手书·配音,5535784,727020,305317,237695
鹅鸭傻（2）,老番茄,https://b23.tv/BV1nA41117dx,单机游戏,8276497,573504,226514,100780
【亮记生物鉴定】网络热传生物鉴定47,无穷小亮的科普日常,https://b23.tv/BV1yM411j7NG,科学科普,4727820,451482,70005,25642
只有我在这些事情上敏感吗？！,papi酱,https://b23.tv/BV1224y1V7Vm,搞笑,4500020,451156,25600,23658
当我相信了东北人的“简单吃一点”…,盗月社食遇记,https://b23.tv/BV1oy4y1d7Xe,美食侦探,4519815,335448,247590,47444
《原神》角色演示-「迪希雅：炎狮灼烁」,原神,https://b23.tv/BV1Fo4y1a7Q9,手机游戏,2691981,206969,46680,24186
1200帧/秒！求证剑气是否真实存在！儿时的武侠梦，终会照进现实！,剑客范十三,https://b23.tv/BV1kx4y1F72e,运动综合,7066048,399637,52896,57449
【胡桃】⚡你能忍受哒哒哒的洗脑么⚡嗷⚡,莉可Kurisu,https://b23.tv/BV1FR4y1i77b,鬼畜调教,8015577,815750,407264,461454
吸毒明星在洗白，而一线民警在找线人尸体....,大漠叔叔,https://b23.tv/BV1Pj411F76f,影视剪辑,3186327,335481,115458,23641
《崩坏3》动画短片「毕业旅行」,崩坏3第一偶像爱酱,https://b23.tv/BV1Kj411g7Lu,短片·手书·配音,7154300,715975,908411,434902
为了听剑魔的笑声，我自制了lol全英雄语音网站！,布锅锅,https://b23.tv/BV1Qy4y1o7BP,电子竞技,1581434,199432,135860,78600
如何逃出法属圭亚那？【硬核狠人47】,小约翰可汗,https://b23.tv/BV19s4y1b7JM,人文历史,3965736,249884,104624,34358
【罗翔】“开盲盒”执法？寻衅滋事到底该不该取消？,罗翔说刑法,https://b23.tv/BV13s4y1L7p4,社科·法律·心理,1112452,90257,26558,9306
我花了三年，终于造出一片荧光海,王村村,https://b23.tv/BV1hj411g7gg,日常,3135738,367769,412269,190818
我为什么一直不聊苏打绿?丨HOPICO,HOPICO,https://b23.tv/BV19M411778q,乐评盘点,913625,60099,46634,19643
梅普露：怕痛，以高达形态出击【TD25定格动画】GSC梅普露拼装展示,利利那TD25,https://b23.tv/BV1X24y1J775,手办·模玩,2224101,154766,25079,38630
海绵宝宝，时间要加速了！（珊迪的奇妙冒险——石之海op还原）,暴走的沙福林,https://b23.tv/BV17T411i7wt,短片·手书·配音,2253840,238321,211499,87864
好起来了！求求你回来看吧！2023年4月新番导视！【泛式】,泛式,https://b23.tv/BV1Py4y1Z7p6,动漫杂谈,3808507,261247,85303,47799
给身边的法盲朋友普个法,俏佳人xxx,https://b23.tv/BV11X4y197Nf,社科·法律·心理,5523176,499454,6354,21545
那天室友突然抬头和我说，自己想开了一些事…,☆围观群众☆,https://b23.tv/BV1SM411771T,日常,1625857,152547,57222,70490
UP主们都怎么做字幕？调研100位UP，他们的秘密是...,影视飓风,https://b23.tv/BV1GY4y1U7oq,野生技能协会,1503128,145075,66960,98280
犹豫摇,宇崎学妹想要摇,https://b23.tv/BV1ov4y1W7kV,舞蹈综合,4287382,480594,95797,62412
【STN快报第七季06】玩了原子之心我爱上了X box,STN工作室,https://b23.tv/BV1eg4y1H7Zb,单机游戏,1411976,94436,53631,15050
《阳光开朗小女孩》,企鹅带带北极熊,https://b23.tv/BV1eb411X7Br,手机游戏,5434720,496779,156746,184578
唱哭无数人! 民族说唱登上中国日报！Moseee《给外婆的一封信》被无数官媒转发,街头社区,https://b23.tv/BV1jv4y1e7G5,音乐综合,3257008,311476,171644,133522
【德凯奥特曼吐槽】香槟开局，抄都能抄歪来！,九冢嵬,https://b23.tv/BV1SD4y1g7Kx,特摄,1838804,126127,67369,26135
大学生：开学了每一天都想死,七颗猩猩QKXX,https://b23.tv/BV1bb411X71f,搞笑,3093962,249206,2672,13553
《梦幻西游》电脑版赛事主题曲《给所有知道我名字的人》田震演唱版——热血赛场，请你为我再将双手舞动,梦幻西游电脑版,https://b23.tv/BV1xD4y1u7kW,MV,2949096,57474,3695,8347
应该没有大厨教你如何洗菜,万能工具人阿伟,https://b23.tv/BV1hs4y1o7g7,美食制作,1578331,100716,44713,110216
京 海 军 火 商,推背兔の,https://b23.tv/BV1c24y1V7m4,鬼畜剧场,2863531,189294,29175,36070
上班主打一个勤俭持家！,派小轩,https://b23.tv/BV14X4y1Q7pn,小剧场,4073659,219001,3023,6720
#内向 #社恐,小圣来了H,https://b23.tv/BV1h84y1J7XQ,日常,3073308,298679,7843,16632
好速写就是把线条画好细节画多吗,央美天子聊画画,https://b23.tv/BV12M4y1d777,绘画,3397570,139703,941,9042
王老菊教你出千换牌,怕上火暴王老菊,https://b23.tv/BV1HM4y1o7Hc,单机游戏,1077857,52760,41710,12758
【阿猛】做对这几步，中年男同事也能1秒回春！你不想学吗,怪力阿猛,https://b23.tv/BV1124y1H7Bz,穿搭,371978,48484,40319,5092
徐猩，来接强子下课！,七颗猩猩QKXX,https://b23.tv/BV1fs4y157Gf,搞笑,1931589,132117,2414,6752
一位农夫不慎把兽用抗生素注射进了他的大腿，这是他的器官发生的变化,Chubbyemu,https://b23.tv/BV1UY411r7Vv,科学科普,2026684,91306,10389,11864
当有网友质疑消防员的实力时！那就安排上，玩的就是真实，对比不是很合理，只为了体现一下术业有专攻。,硬汉形象26,https://b23.tv/BV1mX4y1Q7gM,健身,7014898,60598,3179,46147
当你把台球练到极致的时候 2.0,张镇辉台球教学,https://b23.tv/BV12Y4y1U7Bx,运动综合,1868171,130408,3901,4252
盘点一下本周刷到的热门穿搭视频（2）,文森特别6,https://b23.tv/BV1ao4y1h7vF,穿搭,1139886,39147,698,6733
古法凤凰衣，在爷爷奶奶的那个年代，鸡蛋壳都是好东西，卵孵鸡后里面那层白色卵膜，有个优雅的名字叫凤凰衣,百草园日记,https://b23.tv/BV1Nv4y1Y7qb,三农,1667680,25922,277,3170
全网吹爆的大单槽，我替你们买了,卡门卡卡,https://b23.tv/BV14X4y197Bw,家居房产,1369026,107638,23322,6726
骑行大兴安岭，运气爆棚入住路边玻璃房，这里是全球唯一爱情坐标点,徐云流浪中国,https://b23.tv/BV18L411Z7xJ,出行,1350304,101808,68714,6970
原料靠化缘，给小助理复刻赫莲娜黑绷带！,技术员小星星,https://b23.tv/BV1554y1c7oU,美妆护肤,348061,26227,921,4420
千万别报这种坑人的旅游团。。。,nya酱的一生,https://b23.tv/BV1hj41137ff,出行,1165747,77650,27792,7002
是谁在漫展上吹唢呐？！ | 2023CPSP【4k】,六二二同学w,https://b23.tv/BV1hX4y1Q7sB,仿妆cos,293349,16270,1590,4684
一长一短，一长又一短,插花艺术倪志翔,https://b23.tv/BV1ZT411i7Eo,手工,1644929,156913,2602,10830
mystery of love,铁铁铁盒,https://b23.tv/BV1m84y1774Z,演奏,2843690,505342,80114,142237
非   宏   勿   扰：灯王诞生,就叫我邱刀鱼吧,https://b23.tv/BV1Rs4y1L7qt,鬼畜剧场,12043104,614315,188895,122539
【前方高能】这应该是全网最长的一把刀了吧,含亮老师,https://b23.tv/BV1HM4y1k7c2,运动综合,5308579,437182,151042,72309
一群up主在城市玩共享位置捉迷藏！肾上腺素飙升！！,中国BOY超级大猩猩,https://b23.tv/BV1Uv4y1h7Gb,搞笑,6704879,565869,177264,99611
超级宇宙无敌回旋巨烂活,小潮院长,https://b23.tv/BV118411F7Ea,搞笑,11412108,782936,295417,183809
兄弟的诱惑,花少北丶,https://b23.tv/BV1D24y187yq,搞笑,2651751,324982,267114,90489
室温超导实现突破？中科院专家为你解读,二次元的中科院物理所,https://b23.tv/BV1sP411f7fn,科学科普,502120,13340,977,1825
弹！,高斯Goh,https://b23.tv/BV1Jg4y1n7QQ,桌游棋牌,6377012,417284,225601,132176
耗时3天3夜，我开了一家餐厅！,盗月社食遇记,https://b23.tv/BV1dY411r7zR,美食记录,2766871,267694,269371,46310
你好，气味相投的朋友！,徐大花xudahua,https://b23.tv/BV1U84y1K7t9,手工,7240791,761343,104427,110524
三十岁出身农村一无所有的我，用骑行改变了自己的人生，涅槃重生,徐云流浪中国,https://b23.tv/BV1z24y137CU,出行,2863492,297887,277584,39451
【明日方舟×怪物猎人】SideStory「落叶逐火」活动宣传PV,明日方舟,https://b23.tv/BV1BM4y1R718,手机游戏,4695828,248900,107091,39593
猫的脑子里面到底装了什么,发射小人,https://b23.tv/BV1No4y1r7Pd,短片·手书·配音,3216836,307387,23560,58176
老板决定再养我们一年  诶嘿又能当一年废物了！！！！,小鸡词典,https://b23.tv/BV1eY4y117KW,搞笑,3178499,314019,161942,22181
精子告急？第一人称沉浸式捐精，实拍精卵结合全过程！,亿点点不一样,https://b23.tv/BV1ZM411x72c,科学科普,4507974,349827,33827,60934
这才是我想要的浏览器！纯干货，建议收藏！！！,小宇Boi,https://b23.tv/BV1Es4y157mF,软件应用,7240366,647694,429541,1053737
炒作界的宗师是谁？【硬核狠人48】,小约翰可汗,https://b23.tv/BV1Fs4y1Z7fL,人文历史,4379349,263490,101670,40209
同一团队两次发现“室温超导体”？这事……保真吗？,量子位,https://b23.tv/BV1Wb411f7Es,科学科普,678521,15263,992,2067
宿舍大同  美美与共！,熬一耶ye,https://b23.tv/BV1ng4y1n7BW,搞笑,8361807,536418,10502,41387
当年最让我头疼的学生，如今又成了最让我头疼的老师,谭盐,https://b23.tv/BV1wj41137GH,短片·手书·配音,2194600,419796,41645,63012
《崩坏3》动画短片「毕业旅行」,崩坏3第一偶像爱酱,https://b23.tv/BV1Kj411g7Lu,短片·手书·配音,7154300,715975,908411,434902
《 阳 光 开 朗 睡 大 觉 》,龙大人不喷火,https://b23.tv/BV1Y54y1u77B,人力VOCALOID,3311156,493828,146020,142806
当我第十次尝试rap...但是鸡蛋鸭蛋,某幻君,https://b23.tv/BV1b24y1b7sS,原创音乐,2241285,194066,84014,92876
你们要的《阳光开朗大男孩》改国风,糖醋蛋黄,https://b23.tv/BV13L411f7tQ,原创音乐,3356814,512450,75724,148122
热门角落建筑师鉴定,无穷小亮的科普日常,https://b23.tv/BV1ZY4y117Vv,科学科普,3586302,331591,18758,33264
就你这样能有什么生意,田花花,https://b23.tv/BV1v54y1u7m1,动物二创,6423986,739667,33885,60438
超越终焉？主角成神！带你看崩坏3完结篇到底演了啥！「崩坏3剧情讲堂#14」,泛式,https://b23.tv/BV19N411F74Z,综合,1945702,174638,81562,57806
“请，好好地看着我”,宇崎学妹想要摇,https://b23.tv/BV1Sx4y1K7Gq,舞蹈综合,4741692,703405,188963,126283
【老番茄x翠花】我们毕业了！,翠花不太脆,https://b23.tv/BV1484y1P7Nx,原创音乐,1933609,244956,95447,78114
【全明星建房】废土庇护所,CSGO大茄子,https://b23.tv/BV1CT411v7e5,手机游戏,2036380,117411,11884,17069
当你被无罪释放 你看向唯一怀疑你的警察说：,大瑶同学remix,https://b23.tv/BV1sM4y1d7tV,搞笑,2802830,271226,10259,16207
Love yourself,扎根措B站号,https://b23.tv/BV1Cx4y1K7QL,音乐综合,3108538,306043,60707,22773
逐渐变成家长信任的样子【00后老师流水账】,仔灰灰,https://b23.tv/BV17Y41167nF,日常,4550275,272600,30344,32949
带tim去吃杭州最顶级的餐厅，没想到他带来了…【还愿挑战ep18-金沙厅】,王师傅和小毛毛,https://b23.tv/BV13Y41167Up,美食侦探,2271004,377664,140724,26195
主公，万不可废长立幼啊！,高级灵魂张斯瑞,https://b23.tv/BV1RY4y1C7Xu,三农,2948570,362751,46253,55535
大学生宿舍灯光秀～要被帅晕啦！！！,小民同学o,https://b23.tv/BV1iX4y1D7dW,手势·网红舞,2658396,444221,18546,92565
我不允许有人还没看过今年东京女孩的走秀！,会唱跳Rap的胖虎,https://b23.tv/BV1T24y1G7NT,时尚潮流,4295519,239970,75368,149732
这样的结局是万万没想到的,狈总,https://b23.tv/BV1iY4y117hy,搞笑,5582790,364369,4451,25688
你敢信这是中国队？我们做到了！国足U20击败沙特，防守反击没有错！,阿棍EHAZARD7,https://b23.tv/BV1b84y1P7nM,足球,756391,84604,4175,7432
这是身处黑暗的父亲，对迪希雅最好的保护吧！“你有我们梦寐以求的自由和善良”,小x文,https://b23.tv/BV1LM41177km,手机游戏,3011037,430508,40422,92063
大 学 生 诱 捕 器,MrCarbon碳先森,https://b23.tv/BV1fg4y177t3,搞笑,4617757,174008,5089,7497
请joejoe吃我独步天下的秘制蒜蓉海鲜大咖，他却在偷吃蒜蓉酱,小文哥吃吃吃,https://b23.tv/BV1TX4y1Q7oL,美食制作,1874222,223443,85138,22813
对于广袤星空的遐想，可以从一款游戏开始【Outer Wilds】,原野郎中,https://b23.tv/BV1as4y1o7Ry,单机游戏,1994336,272719,335971,141418
复盘我的30岁，28岁失业婚姻危机，曾经觉得自己很失败,老少女阿珂,https://b23.tv/BV1Gx4y1T7mf,日常,1838892,77627,44090,11635
巴黎时装周,陆仙人哦,https://b23.tv/BV1AL411y7bL,时尚潮流,898782,78471,1595,1512
谁教你这么剪的？！,倾世夭夭,https://b23.tv/BV1BT411v7pa,影视剪辑,3227790,177994,50614,46596
古装剧不拍古典美？我们自己来！小博主神还原中国绢人 蟠桃仙女,我是411,https://b23.tv/BV1n24y1G72i,穿搭,451101,75658,34456,12102
两年多终于找到了，18.5斤巨无霸皇帝蟹，我人都吃傻了,小文哥吃吃吃,https://b23.tv/BV1vX4y1D7hP,美食制作,2683022,291243,96704,18568
明日香的 1 2 天,尸菌菌qwq,https://b23.tv/BV1H54y1u7w7,仿妆cos,695894,54731,7970,20866
【卢克说】谈谈东风集团汽车大降价,卢克文工作室,https://b23.tv/BV1gx4y1T7YQ,热点,1442669,49448,10011,6762
用破烂给世界小姐做一件礼服,垫底辣孩,https://b23.tv/BV17s4y1L7YB,美妆护肤,1028304,140711,2306,9451
假如我的校园是一款RPG游戏！,四夕小田木已黑化,https://b23.tv/BV1E84y1A7z2,小剧场,8647265,1171639,250863,204048
【泛式/剧情MAD】你是我遥不可及的梦「𝒀𝒐𝒖 𝒂𝒓𝒆 𝒎𝒆𝒓𝒆𝒍𝒚 𝒂 𝑫𝒓𝒆𝒂𝒎」孤独摇滚,泛式,https://b23.tv/BV1xN411F7ne,MAD·AMV,2998529,473168,483104,223362
贱谍过家家（3）,小潮院长,https://b23.tv/BV1k54y1K7rQ,搞笑,10971780,647637,295552,167551
耗时3720小时，原神史上首位角色最高伤害诞生！巅峰无法被撼动，因已达到极限！,爱玩原神的敢敢,https://b23.tv/BV1fP411f7ZW,网络游戏,5223847,649402,177721,174180
这个动画是属于老鼠的青春,动画成君,https://b23.tv/BV1Rx4y1N7TF,短片·手书·配音,3769507,451267,441954,111404
【渐构】万字科普GPT4为何会颠覆现有工作流；为何你要关注微软Copilot、文心一言等大模型,YJango,https://b23.tv/BV1MY4y1R7EN,校园学习,2767423,187701,169564,199576
孩子，我怎样才能治愈你？,星有野,https://b23.tv/BV1n24y1g7g5,短片·手书·配音,4047055,515131,325140,130587
老薛说的对4536251,lele摆烂啦,https://b23.tv/BV1X84y1w7zq,音乐综合,6147125,643472,87058,84367
B站元老级难度！你能猜对这是哪个视频吗？,中国BOY超级大猩猩,https://b23.tv/BV1CY4y1y753,搞笑,2984455,264609,86515,45551
流浪两年半走遍半个中国，终于回到家乡，感觉真好,徐云流浪中国,https://b23.tv/BV19Y4y197tq,出行,2861903,257559,164311,23321
当我听了广东人的话去吃鸡…,盗月社食遇记,https://b23.tv/BV1Vx4y1N7Pt,美食侦探,4976108,531534,173888,50632
【原神动画MV】心之扉「Ici et ailleurs」,青空-AoiSora,https://b23.tv/BV1HT411a7GB,短片·手书·配音,1449731,340345,166017,119143
究极无敌跨国网恋奔现？最终我们居然......【首尔历险记1】,Henry的小木屋,https://b23.tv/BV18L411y7G1,日常,2623614,153138,122102,24078
【落叶逐火】CF-EX-1至8突袭 摆完挂机 简单好抄（明日方舟艾露猫的委托柜台）,萧然Q,https://b23.tv/BV1HT411r7RE,手机游戏,3052006,69149,59148,12031
周深献唱新海诚最新电影《铃芽之旅》同名中文主题曲,电影铃芽之旅,https://b23.tv/BV1AM411W7E5,MV,5472969,393185,219027,195770
为了说清楚牛是咋干饭的，给大家上个绝活《真·老原儿吃嫩草》,模型师老原儿,https://b23.tv/BV1ex4y1T7Wd,科学科普,1395681,95573,27152,27043
《明日方舟》危机合约新赛季「起源行动」宣传PV,明日方舟,https://b23.tv/BV15v4y1L7nB,手机游戏,2848706,228887,137820,58833
你随口交代的一句话，猫可以记好久…,亮亮也是酿酿,https://b23.tv/BV1nL411o7EG,喵星人,2428518,290916,103423,49515
【美人谱系05】奥斯卡影后杨紫琼！她的一生，就是妈的多重宇宙,切片计划,https://b23.tv/BV1rY4y1y7CA,影视杂谈,1061930,98598,73857,33720
重庆|突然的光,摄影师鬼迹,https://b23.tv/BV1qk4y1b7z6,日常,3965908,601910,59520,51951
骑上我心爱的小摩托，他永远不会堵车,呵呵哒不爱头头,https://b23.tv/BV1AX4y1f7aJ,汪星人,4494856,410908,15106,41602
“我该如何活着”,程墨INK,https://b23.tv/BV16P411f7ps,原创音乐,1876683,166329,65918,85264
【半佛】上帝都怕点外卖,硬核的半佛仙人,https://b23.tv/BV1As4y1V77K,财经商业,1871158,84893,2837,5467
林黛玉大闹天宫,小芃路子野,https://b23.tv/BV1Q84y1w7aB,搞笑,3563883,232571,43147,45584
穿女友的衣服去漫展,战辉,https://b23.tv/BV19X4y1S7Ai,搞笑,3825756,349078,7149,27553
辞 职 宣 传 片,是老胡没错,https://b23.tv/BV1nL411o7cs,搞笑,2994728,202284,72903,32541
假如四大名著买了合订本是一种什么体验,薛蟠的同学,https://b23.tv/BV1xM41147XB,影视剪辑,6977374,557294,203649,181965
我情绪跌宕起伏的一天,papi酱,https://b23.tv/BV1Mg4y1t7z5,搞笑,3648290,351572,15338,12388
我决定了，带日本媳妇回趟娘家！预计花销五万，日本消费这么高？,日本媳妇在山东农村,https://b23.tv/BV1E94y1F7cj,美食记录,1987252,200284,178576,11515
多种口味烤冷面，有你喜欢的吗？,Tiger西西,https://b23.tv/BV1rY4y1977w,美食制作,5233096,388369,10236,34885
当你的实力足够强大时,黑旗团队,https://b23.tv/BV1qL411C7rk,小剧场,3672442,186711,7223,10127
整治校园环境时的尴尬(太太太超级无敌真实),萧枭同学,https://b23.tv/BV13N411F7oh,搞笑,3287549,113113,2369,23961
用中国古籍测试外国人汉语水平,歪果仁研究协会,https://b23.tv/BV1eT411r7kt,日常,2865827,379562,7793,28444
觉得我更可怕，是吗,周老头呀,https://b23.tv/BV1uY411z7u9,仿妆cos,2101881,275224,11317,38667
【刘谦魔术课】 预测柯洁的棋步，可能吗？,刘谦,https://b23.tv/BV1QT411r76p,明星综合,2580820,182682,51714,21834
我们可以攀登所有 想攀登的高峰 【江苏百年女子图鉴】,阿时爱吃红烧肉,https://b23.tv/BV1So4y1z7c7,穿搭,777363,117441,11340,20042
我今天的身份是男明星,张津铭,https://b23.tv/BV1gL411y7JM,时尚潮流,1557712,163790,6181,7843
伊朗沙特为何复交？为什么在中国？美国怕了吗？,小王Albert,https://b23.tv/BV1ZX4y1Z7o3,人文历史,3572474,239450,123317,43791
果然最喜欢足球了,珩珩,https://b23.tv/BV15g4y1b7Bv,足球,1018290,44760,9505,9057
哦→啊→啊→诶↑诶↓啊↑啊↓,树深时见鹿dear,https://b23.tv/BV18k4y1h7wP,鬼畜调教,1567155,62044,16994,18384
#每周一拍 这是一个预谋了4年的视频。她肉眼可见地长大，我肉眼可见地变老，他肉眼可见地变圆...#怀孕#成长记录,雷胖子不是胖子,https://b23.tv/BV1q54y1M79z,亲子,5414621,579277,83851,68100
为什么你的衣服永远买不完？三个方法让你停止浪费不再内耗！,美鹿莎,https://b23.tv/BV1724y147HU,穿搭,554183,30318,8772,13869
【医案寻踪】一年不吃早饭的人现在怎么样了？让我们揭开一场隐瞒我们70年的健康骗局！,兔叭咯,https://b23.tv/BV1Zs4y1H7NV,科学科普,7682628,484007,337384,136678
我被禁言了2,杜海皇,https://b23.tv/BV1n24y1u7WR,搞笑,7839339,609759,306675,197385
⚡喵喵喵喵喵喵喵喵喵喵喵喵喵喵,幾加乘,https://b23.tv/BV1wg4y1t7j6,短片·手书·配音,8352775,779433,373073,265755
一群up主在城市玩共享位置捉迷藏！太可怕了！！【第二期】,中国BOY超级大猩猩,https://b23.tv/BV1KP411f7fc,搞笑,6405071,597288,241196,104612
【林肯公园 | B站首发】Numb (官方MV 4K修复版) - Linkin Park,LinkinPark,https://b23.tv/BV1Mm4y1k7We,MV,3462713,302718,199083,135092
漂泊两年多回到乡下，乡村生活也不错，想留在农村却很难,徐云流浪中国,https://b23.tv/BV1ob411d78A,出行,2191036,181236,95730,12352
MOREVFX「流浪地球2」视效花絮,MOREVFX,https://b23.tv/BV1hP411Z7Tc,预告·资讯,2202456,248323,285357,134730
对他使用新空间卡组吧【水无月菌】,水无月菌,https://b23.tv/BV1cL411r7Zn,桌游棋牌,2881896,233098,168655,42406
一千颗碎片！实拍魔刀千刃（上）！觉醒我们心中的热爱吧！,剑客范十三,https://b23.tv/BV14o4y1q777,运动综合,3189690,238312,91208,44433
用七百万笔画了一幅画。,圈圈没灵感,https://b23.tv/BV1W84y1w7Cc,绘画,3082408,350973,47362,53869
你最后一次看少儿频道是什么时候？,喜欢数码的陈同学,https://b23.tv/BV1984y1A7Dg,国产原创相关,5008173,867205,96610,172797
【袁娅维×万物起舞】人间CD机袁娅维倾情献唱，如梦声线演绎女魃墓前尘今生,梦幻西游电脑版,https://b23.tv/BV1JM411p7H9,MV,5961119,154031,80608,61292
⚡西 域 战 神⚡,还有一天就放假了,https://b23.tv/BV11c411E7ga,鬼畜调教,5822395,498796,164752,212238
楼梯扶手上的“神庙逃亡”,喵哉小茶馆,https://b23.tv/BV1JY4y1Q7fz,MAD·AMV,1838212,274802,22577,52026
宵宫放烟花之蹦迪神曲！参上！,Alxlc阿拉克斯,https://b23.tv/BV1sV4y197QP,原创音乐,1783400,385300,107965,110159
”这又是什么剪辑风格？酷毙了！⚡️“,Baka恶魔,https://b23.tv/BV1zv4y177G9,MAD·AMV,1448887,192860,84677,115169
生活小窍门,真子日记,https://b23.tv/BV18v4y1j7AQ,搞笑,8456552,607427,18855,51385
新番时光机！十年前的观众都在看什么？「2013年1月篇」泛式,泛式,https://b23.tv/BV1ws4y1p7k9,动漫杂谈,2068607,229998,92411,40581
三年之约！极致还原！《铃芽之旅》真人版！,特效小哥studio,https://b23.tv/BV1xk4y147oL,综合,4461891,369565,101444,92399
【4KHDR】老戴《生化危机4 重制版》【正式版】【无死亡】【硬核难度全流程攻略解说】,老戴在此,https://b23.tv/BV1SV4y1Q7ie,单机游戏,3368950,89461,64005,32163
80万赞已到，我去天上吃饭了朋友们！,盗月社食遇记,https://b23.tv/BV1dx4y1A7P3,日常,3503376,391418,199003,42585
挪威｜我在北极，邂逅了世界尽头的冷酷仙境 ｜Links 4K HDR,Linksphotograph,https://b23.tv/BV1ug4y1x7UD,出行,1537673,118093,65465,66612
风铃源于唐宋时期的「占风铎」，风吹玉振，静心宁神。寄相思，予祝愿。,彭南科,https://b23.tv/BV1aT411k7iX,手工,596446,153914,52414,34618
【全网首发】球王归来！梅西800球全记录！还记得你是从哪一球入坑的吗~,小白兔怕脏,https://b23.tv/BV19Y4y1U7Vd,足球,613896,76006,71615,54148
《明日方舟》危机合约新赛季「起源行动」宣传PV,明日方舟,https://b23.tv/BV15v4y1L7nB,手机游戏,2848706,228887,137820,58833
去海鲜市场钓鱼,旺仔有内涵,https://b23.tv/BV1rx4y1w7fP,搞笑,4500285,574357,74090,32986
总工时19天，用石料480方，用传统技术建造一座  石拱桥（全集）,彭传明pcm,https://b23.tv/BV1t84y1w7Ps,手工,1356628,131996,73882,10527
熊猫：长这么大都没受过这样的气！,猫后生,https://b23.tv/BV1xL411d7XW,动物二创,5668129,286089,14061,35836
《 豚 骨 拉 面 全 套 配 方 》,赖皮猴爱美食,https://b23.tv/BV19m4y1r7TV,美食制作,2024342,165536,126390,83684
终于到了！不带钱跨越半个中国，抵达北京！ 丨流浪 11,东尼ookii,https://b23.tv/BV19M4y1z714,出行,1819018,249858,167718,35554
"【危机合约】""起源行动""无名庇护所18镀层+日替全关卡攻略！摆完挂机+平民低配攻略合集！《明日方舟》|魔法Zc目录 难度18",魔法Zc目录,https://b23.tv/BV1G84y137P1,手机游戏,4544025,100118,59202,24610
品尝世界最酸酸物，胃酸系统今日奖励休息一天,张圣叹Yo,https://b23.tv/BV1g84y1w7Gn,美食测评,5146673,469267,80476,40800
《满江红》第一次在哔哩哔哩发作品啊。紧张！,小少焱的,https://b23.tv/BV1F24y1u7kY,原创音乐,2978218,423073,217822,129481
没有一只鸡能活着离开沈阳，上海老王实名推荐！【怎么这么值ep58-传说鸡架】,王师傅和小毛毛,https://b23.tv/BV1Tv4y1j77g,美食侦探,1696445,144218,60795,12950
真实版浣熊市：市民集体变异，医生挖出日本政府的阴谋,迷因水母,https://b23.tv/BV1bb411Z7AY,人文历史,2679707,266102,131614,89579
无限穿帮！当埃及up看《木乃伊》,埃及南希,https://b23.tv/BV12L411R7w9,影视杂谈,2722316,221069,103972,50810
❤️ 这 么 可 爱 真 是 抱 歉 ❤️,哦呼w,https://b23.tv/BV1yL411o7UK,鬼畜调教,1835930,185238,88944,43058
深度|| 欧洲为何没有“分久必合”？秦始皇“三功”如何奠基今日中国？,渤海小吏,https://b23.tv/BV1tL411d7dP,人文历史,2979537,154887,85772,55664
喂！你给我摇起来啊！！！,瑶生Y,https://b23.tv/BV1dP411d7HT,搞笑,4451491,644619,106030,77155
我愿来世做春风，温柔且自由,有只柯基叫可乐,https://b23.tv/BV1hv4y1775L,汪星人,3904364,413712,17337,58269
艾伦，这就是你想要的自由吗,貂蟬的腿毛,https://b23.tv/BV1MM4y1k7f2,综合,2950348,271087,56471,74610
我给我的牧羊犬买了一只羊，羊有了狗管理，狗有了工作,一只小九九丫,https://b23.tv/BV1fb411Z7aX,三农,1919465,68149,27795,16230
突击检查：外国人对中国有什么离谱问题,歪果仁研究协会,https://b23.tv/BV1ex4y1w7CD,日常,4854013,375334,4283,19195
省赛输了，摇一个,宇崎学妹想要摇,https://b23.tv/BV1Dm4y1r7M2,舞蹈综合,7166457,900115,88209,100727
大多数去职校学电竞的人都怎样了？这个视频给你答案！,敬汉卿,https://b23.tv/BV1T84y1w7ar,电子竞技,1916532,168565,70241,15911
今天爷爷给我看一件特殊的衣服,康康和爷爷,https://b23.tv/BV1No4y1B78S,穿搭,3629919,574259,48520,42626
无爱方可破情局 无情方可破全局,笔心无忧BX,https://b23.tv/BV1wM4y1k7j5,绘画,3041228,415971,16110,88258
在老师面前秀恩爱是一种什么体验,主持人yoyo酱,https://b23.tv/BV1mT41167uz,日常,1239287,114541,2040,3635
没有通稿！他们才是时尚圈的华人之光！,AHALOLO,https://b23.tv/BV1624y1x7mB,时尚潮流,253929,20095,1681,1109
挑战一个人还原《步步惊心》｜芝月步步惊心仿妆系列,芝月,https://b23.tv/BV1dL41167WU,仿妆cos,687189,64978,2379,4255
【何同学】我们做了一台中文打字机...,老师好我叫何同学,https://b23.tv/BV1Sk4y1471G,极客DIY,12332783,1674128,1454146,473991
狗是谁？（3）,小潮院长,https://b23.tv/BV1vN411K7e9,搞笑,11779122,765730,379940,239391
《上下五千年》带解析，建议逐帧观看～,小少焱的,https://b23.tv/BV1Rc41157go,原创音乐,6951308,860449,416702,631322
当北方人第一次走进广东村里的早茶店时...,盗月社食遇记,https://b23.tv/BV1PN411T7Pt,美食侦探,4373974,407894,236144,57603
英雄联盟：暗裔未来，甩葱歌！,LOL二哈,https://b23.tv/BV1AV4y1Q7sj,电子竞技,3283671,317814,125246,89343
你画你的我猜我的（3）,高斯Goh,https://b23.tv/BV1Zk4y147qs,桌游棋牌,4983329,322059,103121,66168
《明日方舟》2023「音律联觉-愚夜密函」先导预告,明日方舟,https://b23.tv/BV1CV4y1D77S,手机游戏,1996556,171407,55811,34919
我是新手，该买什么相机？从2k到4w，年度相机大盘点！,影视飓风,https://b23.tv/BV1tg4y1371e,数码,2171794,141202,73877,73224
听说我们不害怕，密室员工掏出了电锯...,老番茄,https://b23.tv/BV12M411u7AM,搞笑,3190481,287118,81307,42390
评分7.5！惊喜or拉胯？新海诚新作铃芽之旅Day1影评！,瓶子君152,https://b23.tv/BV1HM411g79r,动漫杂谈,2959018,224400,101798,43526
消防局如何点燃旧金山？【神奇组织05】,小约翰可汗,https://b23.tv/BV1Ug4y1W7KB,人文历史,3825063,263459,121990,39477
花3天做一碗面，居然只能卖10来块钱？,绵羊料理,https://b23.tv/BV1Rk4y1x7Vt,美食制作,4382613,335862,153383,38920
"【首次尝试""MV""编舞】 这波属实是起飞了",星有野,https://b23.tv/BV1zk4y147sT,短片·手书·配音,3664502,291423,30614,25257
康帅傅：我就是这被这破玩意卷死的,麟宣森,https://b23.tv/BV1kT411q7FQ,美食制作,4862950,250431,180197,31849
街头邀请陌生人撕标签,小岗同学,https://b23.tv/BV1Bh411V7KU,搞笑,3063643,692606,154402,107843
大臣是铃芽的隐喻？《铃芽之旅》深度解读，新海诚的灾难哲学与人情温暖,一镜电影,https://b23.tv/BV1Y84y137AC,影视杂谈,2522140,268227,167878,115609
10只龙虾熬一颗糖果 吃一口有多神奇？,阿彭彭阿,https://b23.tv/BV1mT411z77h,美食制作,3294752,254545,58160,20402
走100米就给500块！这些被百米路困住的人，把我看哭了 ......,滤镜粉碎机,https://b23.tv/BV14L411X7ys,社会,1765770,137076,78870,30778
【神里】⚡你能忍受王手的洗脑么⚡汪⚡,莉可Kurisu,https://b23.tv/BV1iX4y1d7oe,鬼畜调教,2845153,305377,73822,125595
在香港吃一碗香滑的蛇羹，餐桌紧挨着蛇箱,小可追太阳,https://b23.tv/BV17c41157wo,美食侦探,4153168,140734,2592,12772
几块破纸板能做出什么大片......卧槽？！？！,逗比的雀巢,https://b23.tv/BV1uo4y1x7zw,短片·手书·配音,2907814,381061,138502,70334
【杰克奥特曼｜再见了，乡秀树】百万级录音棚听《帰ってきたウルトラマン》杰克奥特曼主题曲【Hi-Res】,JLRS-jayfm,https://b23.tv/BV1Em4y167BA,音乐综合,828425,54012,23335,22691
【IGN】《塞尔达传说 王国之泪》实机演示,IGN中国,https://b23.tv/BV1oT411z7Hp,单机游戏,4390320,223814,120059,61868
微醺版《百年孤寂》,我只吃晚饭Mia,https://b23.tv/BV1gg4y1s7jN,翻唱,7270178,388334,177386,183713
【秋山】拖更一年，我把游戏带进现实，MC工作台极致还原,秋山黛西,https://b23.tv/BV1YT411z7p8,手工,1987070,230565,137287,59622
西游记里根本没有小白饼，难道我们都被骗了？,碧蝉衣,https://b23.tv/BV18X4y1o7AN,美食制作,2050832,111250,49384,15703
我在全中国到处认爷爷？,熊伟Sherwin,https://b23.tv/BV1PX4y1o742,手工,1568292,188783,39010,33162
一块石头能弹300次？慢放120倍，三分钟学会打水漂！,亿点点不一样,https://b23.tv/BV1px4y1A7E8,野生技能协会,7028146,233637,43809,302962
国服河蟹,D蚱蜢,https://b23.tv/BV1ZL411r7AP,搞笑,2031550,168284,10550,14775
糟糕，一年4000在动物园认养的黑猩猩，好像是个老六,超Carry的柴西,https://b23.tv/BV1hM411M74t,出行,1994013,101192,65752,10996
6年了 一路走来 终于到达埃菲尔铁塔,湖远行官方,https://b23.tv/BV1DX4y1d7nL,出行,1472033,251516,39166,19767
【精卫】完整版丨老子只是太想要份爱这有什么错啊？,折原露露,https://b23.tv/BV1Fc411j7yJ,翻唱,4135486,251311,114718,103877
最快赚钱世界纪录：6分钟赚24421金币！只需快这半秒就足够了！,布锅锅,https://b23.tv/BV1aY4y1Q7wv,电子竞技,2789697,216207,69915,20676
【淮秀帮】假如《狂飙》玩狼人杀（二）！,淮秀帮,https://b23.tv/BV1d84y1u7gB,搞笑,4238106,281829,56837,44933
在八分钟循环里，仿佛看到了我的明天,喜仔的世界,https://b23.tv/BV19M4y1m7H2,小剧场,1741962,95404,42266,59535
约好必鸽,嘞是唐孃孃,https://b23.tv/BV1Qo4y1s73s,搞笑,1339570,102203,942,3348
上镜丑？我研究了易梦玲拍照法️...发现90%模特竟然都这么拍！,一一只是黑猫,https://b23.tv/BV12L411Q7Pk,时尚潮流,1843812,87299,11268,98191
这玩意怎么吃？,Tiger西西,https://b23.tv/BV1Zh411g7kB,美食制作,2476411,177130,6079,6485
芬兰家人血战爆辣湘菜馆子辣到飙泪！一口剁椒一口酸豆角爽翻天！汤汁喝干净！奶茶上瘾到想马上去中国！,雨琪在芬兰,https://b23.tv/BV1AL411X7in,美食记录,1132967,75953,35802,5210
『从头看她』1920-2020，中国女性发型的百年变迁,朵朵花林,https://b23.tv/BV1qm4y1r7BB,时尚潮流,10996266,1417073,783551,389680
被告：真诚是我永远的必杀技,山口煮煮,https://b23.tv/BV1gg4y1G7Fx,小剧场,6554527,866196,55572,157306
“过来点，我保证不打你”,老番茄,https://b23.tv/BV1tN411N7jN,单机游戏,5217919,453564,276797,121919
“愿我们都能成为自己期待的样子”,HzW3,https://b23.tv/BV1aM411T7pF,绘画,4360201,1120033,156116,250361
有的人一直在长大，有的人却不会变老了,朱铁雄,https://b23.tv/BV1jm4y167fE,小剧场,5637019,731797,201441,144070
如果草太变成了尖叫鸡！[铃芽之旅],小天才树仔,https://b23.tv/BV1um4y167Ks,短片·手书·配音,4274179,461459,88816,107589
【全网最详】旅美熊猫究竟有没有被虐待？官方反复辟谣没人听？,爬行天下,https://b23.tv/BV1hs4y1U7gs,动物综合,5405884,491757,501644,165744
up主，你这看了个啥？？2023年1月新番完结吐槽大总结！【泛式】,泛式,https://b23.tv/BV1Bh411375J,动漫杂谈,3610000,342290,200712,68696
【何同学VLOG】为什么我们一期视频做了五个月...,何同学工作室,https://b23.tv/BV12h411u7DM,日常,4467436,425735,259994,62448
【蔚蓝档案】首曝PV——欢迎来到基沃托斯！,蔚蓝档案,https://b23.tv/BV11v4y1V7am,手机游戏,4295373,157661,34245,32984
最后这坑给我键盘都按废了！,老耗游戏,https://b23.tv/BV1vN411N73u,单机游戏,5739331,531879,28050,47780
2023年3月，人类终究走上了一条无法回头的路,老阳的奇妙电波,https://b23.tv/BV1VL411U7MU,科学科普,6535425,319667,81615,169508
【老奇】阴差阳错 撼动世界的游戏引擎,老奇好好奇,https://b23.tv/BV1Hk4y1q7Rz,科学科普,1817807,192359,222881,106252
在亲自测量一场网络骂战之后，我们找到了从中脱身的方法,我是EyeOpener,https://b23.tv/BV1uM411u7tN,人文历史,2268441,234654,134846,124239
【自制】我做了一种很新的 机 器 人！【硬核】,稚晖君,https://b23.tv/BV1Uh41137Th,极客DIY,2075523,241026,246023,60222
保证没P图！你吃过比这更大的吗？,绵羊料理,https://b23.tv/BV1DN411A7Fr,美食制作,6041453,486089,159254,69781
《小陈总 - 回 归 》,小陈总啊,https://b23.tv/BV1rL411m7Bt,小剧场,2144795,200232,61129,11896
假如穿越到古代你没钱花怎么办？这条视频看完你就赚了！！,南翔不爱吃饭,https://b23.tv/BV15c41157Kf,手工,7579818,449685,63342,103378
2分钟讲完《狂飙》高启强的一生，还没看的进来看看,惊奇动物园oopspark,https://b23.tv/BV1PT411B73G,短片·手书·配音,4615905,342678,93207,141463
官方整活儿【梦幻西游X福鼎白茶X太姥山景区】 茶旅宣传片《仙都梦茶》正式上线,紫颜-小仙紫,https://b23.tv/BV1LM4y1U74R,国风舞蹈,2082357,56081,4506,9129
耗时半年的呕心之作，带你跨越数万年，去了解神秘的非洲文明,周侃侃plus,https://b23.tv/BV1iN411P71T,人文历史,1700867,166407,115321,191586
一口气看完第三季！大帝的终生噩梦！《叶卡捷琳娜大帝》S3全,木鱼水心,https://b23.tv/BV1ws4y1S7kG,影视杂谈,1865722,220471,184816,36696
一个上班族转做美食博主了,papi酱,https://b23.tv/BV1Nh411g7Yp,搞笑,2949016,340937,41103,14433
《原神》3.6版本PV：「盛典与慧业」,原神,https://b23.tv/BV1Ds4y1J7n3,手机游戏,6388440,185120,37367,27853
爆肝479小时！手工打造中国非遗礼裙？？,小桑菜奈,https://b23.tv/BV1PV4y1D7L8,时尚潮流,1524506,214207,162789,56619
【危机合约#12】全网首杀 危机等级34 再赴起源,巅峰计划,https://b23.tv/BV1tc41157EC,手机游戏,1318689,146721,132663,54200
BBOX超燃演奏《无期迷途》,BBoxer酋长,https://b23.tv/BV1mT411q7KA,演奏,1967925,222238,17351,18401
当二次元老了 就去漫展做保洁阿姨,落九川,https://b23.tv/BV11m4y1z7FH,搞笑,3364632,186338,69304,28285
深度|| 始起义！遍地复国！八千子弟过江！很遗憾，军国主义大秦再灭东方,渤海小吏,https://b23.tv/BV1nc411W7KL,人文历史,2052093,131019,121605,28525
千颗碎片实拍魔刀千刃（下）！用科学打破梦想与现实的界限吧！,剑客范十三,https://b23.tv/BV1Dj411w72V,运动综合,1990694,287578,140010,40226
武汉白昼如夜！今年最强雷暴雨突袭南方，和这场正在形成的大风暴有关,中气爱,https://b23.tv/BV1CX4y1k7sh,日常,878141,47318,3769,3195
【祖玛/Zuma】【新世界纪录！！！】【冒险模式】【38分02秒】,JoshkoZhivkov,https://b23.tv/BV1384y1g7yx,单机游戏,3275644,245319,32674,44997
瘦下来对一个人颜值影响能有多大？,王七四-,https://b23.tv/BV1vc411V7H4,健身,1607490,164186,16845,34986
JISOO - ‘FLOWER’ M/V,YGFAMILY,https://b23.tv/BV1RX4y1R7w1,MV,6058009,216566,64992,91819
「原梦冒险团」第一集：出发！向着星辰与深渊！,提瓦特整活频道,https://b23.tv/BV1Gh41137Xf,手机游戏,2525738,154534,48037,57512
走廊清唱《すずめ feat.十明》铃芽户缔主题曲,UshokoU,https://b23.tv/BV1oT411q77o,翻唱,1777138,450412,151225,149563
我 掏 出 了 刑 天 召 唤 器,消逝的活力,https://b23.tv/BV1VM4y1m7dw,鬼畜剧场,2046382,120127,16253,25204
一个电竞女孩倔强的十五年，你所看到的惊艳，都曾被平庸历练。,Miss韩懿莹,https://b23.tv/BV1Am4y1672F,电子竞技,1681623,191415,43575,15829
为了保护非遗，我把万元瓷器砸成碎片,小鹿Lawrence,https://b23.tv/BV1984y1g7uV,出行,633183,16784,9200,4240
9米挑高公寓｜你们要的一镜到底来咯！！,水井姐姐999,https://b23.tv/BV1kc41157Lq,家居房产,1218628,129507,4136,24129
“玩家让小丑王真心微笑一次即可顺利通关。”,夏弃疾下乡版,https://b23.tv/BV13X4y1d7GC,仿妆cos,1885975,311778,9153,52826
老二夫妻正式搬家了，我心里感觉舍不得，一起来认识一下她媳妇,非洲飞哥,https://b23.tv/BV1Ph41137DS,家居房产,677228,38668,13445,1238
【纪念｜坂本龙一】百万级录音棚听《Merry Christmas Mr. Lawrence》圣诞快乐，劳伦斯先生-《1996》【Hi-Res】,JLRS-jayfm,https://b23.tv/BV1MV4y1S7Wf,音乐综合,966258,77861,25998,41219
“我深以能接受教育 为荣为幸”《 金 陵 女 大 学 子 图 鉴 》,阿时爱吃红烧肉,https://b23.tv/BV1nv4y1V7Vw,穿搭,441948,114495,11877,15778
从零制作神里绫华大型硅胶手办,茗家的鸫,https://b23.tv/BV1Ch41137n6,手办·模玩,1323537,74481,22586,30870
这只羊有逆骨，我一套接化发把它收拾了！但是最后我却放了它，我这样做对吗？,疆域阿力木,https://b23.tv/BV13a4y1M7pL,三农,1915607,121584,1573,2870
“不只是传统2.0”，既是传统也是潮流的——“中国时尚”,美南子哇,https://b23.tv/BV1vo4y1W7n5,时尚潮流,214005,27415,1352,9431
【阿猛】宣布出道后！整个人就不一样了……,怪力阿猛,https://b23.tv/BV15s4y1E7wP,美妆护肤,333190,31985,23130,3028
山东淄博一座让我不得不佩服的城市！山东烧烤看淄博！淄博消费更是绝！靠谱！,superB太,https://b23.tv/BV1dT411p7Kd,美食侦探,5071698,642258,152228,52385
你为什么总是觉得无聊？,帅soserious,https://b23.tv/BV1RM4y117yB,健身,6045599,380014,198451,220571
当外地人误入陕西碳水大集，这场面，直接傻眼了…,盗月社食遇记,https://b23.tv/BV1vh411M7wU,美食侦探,5539368,513246,204604,50092
老师听完我的课前演讲，都疯了,あ安娜苏,https://b23.tv/BV1cv4y1H7c3,搞笑,5856571,554158,152625,217253
【医学博士】你每天这样吃饭，简直是在慢性自杀！I 胃病自救指南,兔叭咯,https://b23.tv/BV1VM411N7qc,科学科普,4821360,381651,98460,114519
一战中的闪避王是谁？【硬核狠人50】,小约翰可汗,https://b23.tv/BV1h84y1u7se,人文历史,3700882,272995,141743,42910
让朋友穿成这样后，我失去了他们....,花少北丶,https://b23.tv/BV15s4y1m786,搞笑,2674027,308639,210488,78735
喊了5个原神coser给亲弟过19岁生日，这不得谢我一辈子啊,超Carry的柴西,https://b23.tv/BV1ck4y1i7Bd,出行,3010888,151565,49749,29224
你画你的我猜我的（4）,高斯Goh,https://b23.tv/BV1Um4y1B724,桌游棋牌,4590603,296728,96671,65328
撕了蒜了！,王蓝莓同学,https://b23.tv/BV1UM411T7T6,搞笑,7274385,219362,3376,19730
《崩坏：星穹铁道》姬子角色PV——「追星星的人」,崩坏星穹铁道,https://b23.tv/BV1tT411W7T9,手机游戏,2778665,215253,81610,43151
夺命狂奔！10位up主共享定位捉迷藏！,三十六贱笑,https://b23.tv/BV1Xs4y127g4,搞笑,2258336,226021,47826,27519
和老板同事相处的都很愉快！,派小轩,https://b23.tv/BV17k4y1e79L,小剧场,5259723,242314,2451,8701
我的“没用”脚踏，真的帮到人了！,墨轩TG,https://b23.tv/BV1QL41127Pm,电子竞技,1376506,223494,229368,27866
【IGN】《塞尔达传说 王国之泪》最终预告,IGN中国,https://b23.tv/BV1Zh411M7P7,单机游戏,2979456,133056,79305,40804
家 人 们 谁 懂 啊  都掉桌上了他还要吃！,星有野,https://b23.tv/BV1uM4y117uu,短片·手书·配音,4319370,294759,15134,11380
《原神》EP - 如风如露之思,原神,https://b23.tv/BV1wm4y1m7DC,手机游戏,1757853,169561,41208,24498
【鬼谷闲谈】比目鱼：这是鱼形的扭曲 还是环境的沦丧,芳斯塔芙,https://b23.tv/BV1R24y157oF,科学科普,5197583,451084,52780,56773
双 重 天 晶 破,李某心态又炸了,https://b23.tv/BV1Go4y1p7jK,电子竞技,4007513,230569,75503,51950
YOASOBI アイドル(Idol) Official Music Video,Ayase-YOASOBI,https://b23.tv/BV17h411u7sb,MV,8189480,538817,411233,402125
【阿正】华为MateXS2和PocketS折叠评测，5万次折叠会翻车吗？,阿正很硬,https://b23.tv/BV1Fs4y1K7hN,数码,3614414,344131,62278,19557
就用这支视频和坂本龙一告别吧丨HOPICO,HOPICO,https://b23.tv/BV1pa4y1T7v2,乐评盘点,819938,85068,66834,37696
为了满足我的童年愿望，我在家里做了个鸟巢沙发,闲人祝幸福,https://b23.tv/BV1Ps4y1m7jF,家居房产,3893794,371336,25615,50399
「2023音律联觉」 & 「明日方舟嘉年华」线下重启正式情报公开！,明日方舟,https://b23.tv/BV1jX4y1r76s,手机游戏,1740359,123413,28998,18697
挑战参加中国好声音！我看看怎么事儿,李炮炮儿,https://b23.tv/BV1qm4y1m7iy,搞笑,3280781,357700,12659,19727
徒手剥100颗核桃，就为了还原杨贵妃吃过的失传点心？,菜男烧小菜,https://b23.tv/BV12M411T7do,美食制作,2988236,313159,42644,24922
2.1秒破百！在中国能买到最快的车,极速拍档,https://b23.tv/BV1ZX4y167ST,新能源车,2243316,101672,52694,14081
跨栏变装,张津铭,https://b23.tv/BV18s4y1N7X5,时尚潮流,2479340,190243,7508,7717
《圣诞快乐劳伦斯先生》天津道乐团演奏,天津道乐团,https://b23.tv/BV1mM4y117Mc,演奏,2785326,278045,73248,92918
笑死，这些包装真是离大谱！我又又又被骗了！！,穿毛裤的小拉泽,https://b23.tv/BV19X4y1k7nE,美食测评,2417710,127711,19595,30576
“在肚中相逢”,潘多拉的饱嗝,https://b23.tv/BV1WN411w7Gh,美食记录,3661057,239605,58558,49648
“中国作协只养一个人，那也该是史铁生”【寻找·史铁生】,大象放映室,https://b23.tv/BV1pM411K7r8,人文历史,4458139,429055,278830,204700
历时一个多月，草莓上的种子终于被我种出来了😅 实践检验真理,小野日记I,https://b23.tv/BV1Ss4y1m7HT,三农,5832427,181525,2389,21904
这个山歌对唱是什么水平？,晚点的阿介,https://b23.tv/BV1Yo4y1n76A,搞笑,4341022,580771,45976,95524
成本个位数 轻松在家解锁早餐店同款炸糖糕,舌尖上的老六,https://b23.tv/BV1Zv4y1n7Fs,美食制作,3555934,143280,4804,39505
休息是被允许的,無無無鱼子,https://b23.tv/BV1ph411g7xu,短片·手书·配音,2358651,369503,112512,160894
【深度】40分钟看懂1929大萧条+80通胀+08次贷+23硅谷 4次金融危机,钞能力毛毛,https://b23.tv/BV1Ts4y1S7jh,财经商业,1686614,72332,44864,81122
用了72个小时画出了这几秒的动画,花铭,https://b23.tv/BV12c411W7WK,短片·手书·配音,1889720,293182,35693,45503
冷萃椰油，梨花扣脂香。天然蚕丝入皂，复刻古色古香。,彭南科,https://b23.tv/BV14j411c7MM,手工,2354037,271558,26760,26093
【原神须弥一条龙全收集】须弥3.6荒石苍漠/浮罗囿(成就数249)宝箱/神瞳/摩拉堆/净光翎/铭文的残片/路线规划/探索度/原神3.6,你的影月月,https://b23.tv/BV1P24y1A7J4,手机游戏,4521176,126008,115004,79939
俯拍不想显壮？拉大物距+放大焦距！【物距＞1.5m+焦距＞5×】别问为什么,女明猩粥粥,https://b23.tv/BV1qs4y1K7Ev,美妆护肤,801201,67770,646,19545
做一副麻将花了我一星期的时间，但成品出来也太绝了！,别野生活,https://b23.tv/BV1Bo4y1n75T,家居房产,886066,59981,1516,3867
DIY Vlog｜100米就能get jisoo同款？,铁一WENDYZ,https://b23.tv/BV1jv4y1H771,仿妆cos,411129,79585,7571,8097
养500只猫狗是什么体验！,他叫阿园,https://b23.tv/BV1gP411S7xv,出行,8819152,1567268,607713,184278
自制羊驼烤肠机,手工耿,https://b23.tv/BV16k4y1e7w3,极客DIY,6359118,686906,200948,42340
「三千娑世御咏歌-演绎版」：《原神》须弥2 OST宣传MV,原神,https://b23.tv/BV1Xh4y1H72Q,手机游戏,4960249,305023,186582,112122
【冰冰vlog.008】春天的最后一个节气，以狼狈出海来告别,吃花椒的喵酱,https://b23.tv/BV1Sh4y1H75z,日常,2472534,251849,120885,35407
用十多斤白银，打造了一个完整的苗族头饰,江寻千,https://b23.tv/BV16c411n75c,手工,4326391,583303,354724,123337
【鱼肉肉】一只野生姬小满･֊･,鱼肉肉pabo,https://b23.tv/BV1Pm4y127vM,舞蹈综合,4950800,684264,64858,126025
【乱飙】告诉老漠，我想吃鹅了,谭乔,https://b23.tv/BV1uM4y1y7UP,搞笑,3317510,273827,71202,28442
[原神HoYoFair动画短片] 誓使的万神殿：赛诺vs阿努比斯和埃及诸神！,KieruArt,https://b23.tv/BV1aP411S7a2,短片·手书·配音,2024561,313800,181212,152224
AI 一眼就看透了我的本质,逗比的雀巢,https://b23.tv/BV1DP411U7kS,搞笑,5385109,510801,247244,99022
๏ เ เ ค เ ๏ ๏ ๏ ๏ ๏ เ ค เ,黑瘦的鱼头,https://b23.tv/BV1zN411w7EG,鬼畜调教,9046445,593789,182499,312425
女朋友哄我 （ VS ） 我哄女朋友,星有野,https://b23.tv/BV1mT411W7Q9,短片·手书·配音,7409690,600605,28856,63542
谁能获得三枚苏沃洛夫勋章？【小约翰】,小约翰可汗,https://b23.tv/BV1Qv4y177CS,人文历史,3782319,279157,113421,42894
都什么年代，谁还邂逅传统小川？！！,马刀刻森,https://b23.tv/BV1vh411u7wH,短片·手书·配音,1762263,205530,118110,44635
这都是啥啊???(5),杜海皇,https://b23.tv/BV1No4y1H7mY,搞笑,4502008,268113,77362,58784
辣椒致死量！千万别在陕西吃辣子，一天3顿我怕你上瘾…,盗月社食遇记,https://b23.tv/BV1pc411H7Wk,美食侦探,3518640,218997,99101,26851
哈哈哈我疯啦，二手玫瑰版⚡小↑↑↑城↓↓夏↑天⚡,网易梦幻西游手游,https://b23.tv/BV1qg4y1u7f5,原创音乐,3783025,133455,26323,23302
和好朋友的对象聊天有多尴尬,papi酱,https://b23.tv/BV1tL411v7tv,搞笑,4141990,296067,15336,10989
丢人丢外地去了,旺仔有内涵,https://b23.tv/BV1gT411p7ep,搞笑,5878713,719428,24953,59211
当我把《反方向的钟》旋律倒过来写成一首新歌《正方向的钟》，中国风拉满！,king金鑫-音乐制作,https://b23.tv/BV1Ph411u7WA,原创音乐,4272059,261050,188265,100621
《鸣潮》「共鸣测试」实机PV | 远望,鸣潮,https://b23.tv/BV1ML411m7FH,手机游戏,3229070,114269,20099,16417
我和12个国家的陌生人，完成了名为和平的画,元莱Yilia,https://b23.tv/BV1FP411S7TS,日常,4582408,778395,182002,204338
退网一年，我治好了精神内耗。,矮油王老六,https://b23.tv/BV1x24y1c7aw,搞笑,3438411,480795,114504,30851
今天是坂本龙一大师的《圣诞快乐 劳伦斯先生》，大家好好听,郎朗,https://b23.tv/BV1ym4y117u4,演奏,2511690,233701,59374,51534
就你**叫Happy猫啊？,万灵缝合厂,https://b23.tv/BV1uV4y1o7EB,鬼畜剧场,3116161,261967,82477,71283
蚊·香哪儿，全款拿下,王七叶-,https://b23.tv/BV1y24y1w7kF,搞笑,2808540,374484,33436,28842
修女半夜逛酒吧？突破自身局限才能获得新生！,顾我电影,https://b23.tv/BV1LP411S73t,影视杂谈,2570877,241301,49593,44154
离谱！老公穿成这样你几点回家？,花少北丶,https://b23.tv/BV1SX4y1r7Qx,搞笑,1953655,220364,114313,47867
成本只需要4块钱的“穷鬼”拌饭,阿宅速食料理,https://b23.tv/BV1YL411m7En,美食制作,3875458,306083,19938,185052
这也太不合理了吧,白客,https://b23.tv/BV1TV4y1f7S8,手机游戏,2129645,159943,6223,8872
去泼水节装备不能太好，会被人当BOSS打！,东尼ookii,https://b23.tv/BV1io4y187Yj,出行,2191306,143743,19429,9098
挑战150秒一个引体向上（原声版）,高攀爱健身,https://b23.tv/BV1GM411L7vM,健身,4228058,411721,43677,37009
超越人眼极限！3000帧超清慢放昆虫起飞的神奇瞬间,亿点点不一样,https://b23.tv/BV1ua4y1P7aR,科学科普,3991296,102368,38868,31785
【洛天依】 聚光【BDF2023主题曲】,洛天依,https://b23.tv/BV15h4y1W76k,VOCALOID·UTAU,718074,75530,18024,22610
当你的母亲突然决定养一只猫…,亮亮也是酿酿,https://b23.tv/BV1ho4y187r9,喵星人,2534082,237606,116998,35582
球2前33分钟究竟埋藏了多少细节？《流浪地球2》全片解析02,利维坦mY,https://b23.tv/BV1Ls4y1A79e,影视杂谈,1593015,112866,65000,24798
友好又搞怪的生活小技巧,四夕小田木已黑化,https://b23.tv/BV1ov4y177Yj,搞笑,4279806,771529,41267,82522
后续来了家人们！！,李炮炮儿,https://b23.tv/BV1Wg4y1M7YB,搞笑,2948542,295361,11159,11732
一年减肥100斤！从吃到练，这个日剧全讲透了！,叔贵,https://b23.tv/BV1Fh411u73r,健身,1631672,94731,55285,131207
半口气看完火影忍者疾风传,江户川肥喵酱,https://b23.tv/BV1xs4y127xR,短片·手书·配音,1886622,142728,23140,70992
每天多睡一分钟，上班路上练武功,张津铭,https://b23.tv/BV1Fs4y1P7EW,时尚潮流,1597746,180278,5023,9503
哈？这会好看？还原热门男频小说女主穿搭…真的蚌埠住了,小耳朵图图tu-,https://b23.tv/BV1rv4y1J7t7,穿搭,1832486,95670,10880,9287
"ℋ𝒶𝓅𝓅𝓎  𝒷𝒾𝓇𝓉𝒽𝒹𝒶𝓎 , ℒℴ𝓋ℯ  𝒻ℴ𝓇  𝓎ℴ𝓊 .",花冢なし,https://b23.tv/BV1XM4y1C7i7,演奏,1697891,192769,43957,81977
师父丨是何人胆敢踢翻老子的丹炉啊？？~,折原露露,https://b23.tv/BV1fv4y1J7xW,翻唱,1556496,144543,27450,27830
粉丝投稿第六弹——怪化猫卖药郎仿妆,Sugar不是叔,https://b23.tv/BV13a4y1K74c,仿妆cos,375764,80162,3976,8051
「假如我是一幅素描」,linlin6776,https://b23.tv/BV1T24y1A7og,美妆护肤,397509,47898,1286,7541
粉丝想看我爸cos森鸥外 我给他找了个新女儿,大米壹袋袋,https://b23.tv/BV1ia4y1N7an,仿妆cos,761439,124187,5379,13956
炸裂说唱《泰 裤 辣》,枪弹轨迹,https://b23.tv/BV1rh4y1H7yT,鬼畜调教,5540513,344597,40710,36214
【亮记生物鉴定】网络热传生物鉴定48,无穷小亮的科普日常,https://b23.tv/BV1Xh411j7yC,科学科普,9789778,995726,126845,78313
当你把台球练到极致 7.0,张镇辉台球教学,https://b23.tv/BV1Mv4y1E7tq,运动综合,10694821,919171,85816,77718
gang丝球，全款拿下,王七叶-,https://b23.tv/BV1bh411j7T9,搞笑,8823813,859558,76750,82616
意大利新现实主义巅峰！穷过的人才懂！【25格】《偷自行车的人》,木鱼水心,https://b23.tv/BV1nP411U7ba,影视杂谈,2567980,390163,419425,122159
劳斯莱斯不让我进展台，我买了一辆仰望U8！跟我一起疯狂买车吧！,飞飞的车COOL,https://b23.tv/BV1xV4y1o7WP,汽车生活,3589627,329091,307228,26185
《崩坏：星穹铁道》OP：「星间旅行」,崩坏星穹铁道,https://b23.tv/BV1rh4y1n77f,手机游戏,9367610,511856,288050,186101
⚡泰 裤 辣！！！⚡,潮汕好男人,https://b23.tv/BV1xM411V7ui,人力VOCALOID,6887341,222439,26228,31376
手机炸弹,小潮院长,https://b23.tv/BV1BT411n76q,搞笑,8697681,528688,210480,161735
史上最离谱随机挑战！我们居然随机到去找华晨宇蹭饭！！！,力元君,https://b23.tv/BV1HL411v7CX,音乐综合,5918116,711603,321615,113390
【星穹铁道】超详细体力规划攻略！萌新入坑必备！,你的影月月,https://b23.tv/BV1Zz4y1a7jg,手机游戏,2909405,187230,48829,73396
会画画的“牌佬”有多恐怖？【游戏王】,插画师Leo,https://b23.tv/BV1Y14y1f7qw,绘画,4292096,668111,109449,204861
足球是这么踢的？？？？？,老番茄,https://b23.tv/BV1dv4y177kB,单机游戏,3660933,360835,228885,85336
在海拔3600的山上用十二前爸爸8000块买的dv吸了三瓶氧录下了这段舞蹈，你们觉得怎么样,小心头-小意头,https://b23.tv/BV1cg4y177s2,国风舞蹈,3183811,467499,67010,95554
什么队啊还要娘娘亲自排,犬壹-,https://b23.tv/BV1wk4y1Y7Ce,小剧场,6120526,664993,24505,113451
《原神》白术角色PV——「良方难觅」,原神,https://b23.tv/BV1oX4y1B76Y,手机游戏,3003785,251426,48455,30306
【36氪】我用AI开了家“假”淘宝店，居然真的有人下单？,36氪,https://b23.tv/BV15v4y1E7zV,财经商业,2979024,173902,121485,190262
帅小伙自制淄博烧烤，不用去淄博也能吃爽啦！,记录生活的蛋黄派,https://b23.tv/BV1Sz4y1a7tU,美食制作,4686698,363400,67234,37472
“很奇怪，我发现这头大象是没有脸的”,青厌君,https://b23.tv/BV1Yc411H7Ay,动物二创,2516909,343468,182662,97138
《世界读书日 可以不读书》 | 罗翔给不读书人的「书」单,哔哩哔哩弹幕网,https://b23.tv/BV1Qk4y1a7tz,校园学习,2094489,116597,34543,48308
一键35634伤害！LOL位面数值大崩坏！这就是百倍界王拳？！【有点骚东西】,上海滩许Van强,https://b23.tv/BV1qm4y1y7KX,电子竞技,2445285,168256,94374,24581
5斤的铁勺，60cm的铁锅，这道菜，很费手。。,绵羊料理,https://b23.tv/BV1cM411G7rL,美食制作,4841994,386451,189613,34651
《明日方舟》四周年庆典活动宣传pv,明日方舟,https://b23.tv/BV1DM411V72x,手机游戏,3515880,159798,81673,35597
2023明日方舟四周年生日创作派对「寻宝！萨尔贡奇旅」,罗德岛兔兔剧团,https://b23.tv/BV1H14y1f7Mx,手机游戏,1353129,129887,84410,53332
⚡️ 原 来 它 们 会 说 话 ⚡️,哦呼w,https://b23.tv/BV1fa4y1P7LW,鬼畜调教,3571772,368090,99534,106718
职场人的内心独白之 表面客气友好，内心暴躁输出。,papi酱,https://b23.tv/BV1xh4y1n7gn,搞笑,2774477,227559,14709,9480
为啥风靡全球的奶酪，就是在中国混不开呢？【食录x三亿】,赛博食录,https://b23.tv/BV12c411J7nE,科学科普,4632186,166647,27090,27644
当你想找出广东人！,粤知一二,https://b23.tv/BV1fP411m7wu,搞笑,4408381,372656,11852,37123
【偏科】“没人比我更了解偏科”,司墨尧smile,https://b23.tv/BV1tg4y1M7AH,原创音乐,4352016,405862,51962,212501
【烂活电竞45】JDG春决夺魁！MSI赛力大盘点！转会期风云突变！,烂活电竞,https://b23.tv/BV1nm4y1y7o2,电子竞技,1958602,117381,102130,18991
《仙剑世界》实机PV丨仙途,仙剑世界,https://b23.tv/BV1Dk4y1J7SS,手机游戏,1852771,23193,3564,3322
梦幻联动！天花板板！交通安全&智能驾驶！,谭乔,https://b23.tv/BV1fL411e7V3,汽车生活,3104916,119349,18046,8600
宁管这叫刮刮乐？,桂非妃,https://b23.tv/BV12s4y1R7P3,绘画,3963816,798212,92197,105326
四月新番？！银魂第四季开播？！,声动音缘-叮当,https://b23.tv/BV1qg4y1j7pm,短片·手书·配音,1371467,74831,13093,10494
林黛玉三打白骨精,小芃路子野,https://b23.tv/BV14o4y1b7bX,搞笑,4896743,220734,22569,41072
鸡 裤 同 聋,自动鬼畜中的WZ,https://b23.tv/BV1Ac411J712,人力VOCALOID,1290419,57443,4322,6903
《圈养人类指南》给外星人一点人类震撼（动画短片）,时少权,https://b23.tv/BV1so4y1b7zX,短片·手书·配音,2444359,155528,80230,97452
up疯了！1比1还原海绵宝宝快乐废物屋！（一）,野不是不行,https://b23.tv/BV1C24y1F7VV,家居房产,2456642,102908,52498,70663
【STN快报第七季13】只要几千块，你就能拥有一台打不了游戏的掌机,STN工作室,https://b23.tv/BV1oo4y1b7Fr,单机游戏,1443402,99651,61217,16494
嘿 撩 撩 螺,烛不遥,https://b23.tv/BV1uh4y1p7ws,翻唱,193193,17450,2224,1619
嗷呦啊 为什么这世界那么有趣啊,画画的邱锦鹏,https://b23.tv/BV1L14y1f7pN,绘画,1637003,305255,17708,24188
学会这️4️⃣个打包技巧！五一轻松出游！,大毛贩卖机,https://b23.tv/BV11m4y1y7d4,美妆护肤,788950,63379,1300,33228
这羊不下蛋，拖出去检查一下,宝鲁日GO,https://b23.tv/BV1Wv4y1E7xV,三农,1854110,190016,2275,8260
【老番茄】我求婚啦！！,老番茄,https://b23.tv/BV12h4y1n7tt,日常,12455435,1934648,1905479,523623
躲狗狗,小潮院长,https://b23.tv/BV1Xo4y147Qq,搞笑,9911236,618807,254549,176023
保  护  砂  隐  村,声物课,https://b23.tv/BV11V4y1R7tD,搞笑,12849516,708710,150010,146226
去而复来,文武俩兄弟,https://b23.tv/BV1LP411m7j6,日常,5972350,497747,46809,20826
"李彩演的Knock, 超级有效challenge",anita虾米米,https://b23.tv/BV1bk4y1E7ct,明星舞蹈,6684859,551536,53013,57668
《崩坏：星穹铁道》千星纪游PV：「有关星空的寓言集•其一」,崩坏星穹铁道,https://b23.tv/BV1EM4y1h7Vm,手机游戏,4413003,316548,104845,71864
没开玩笑  淄博已经进化到5.0版本了...,赵澍哈哈哈,https://b23.tv/BV1BX4y1m7jP,日常,7354617,746606,42421,53509
爆肝半年！蝙蝠侠排名第一的神作《黑暗骑士归来》,努力的Lorre,https://b23.tv/BV1Az4y1Y7N9,短片·手书·配音,2471084,335082,456434,168187
哈哈，甲方破防了,逗比的雀巢,https://b23.tv/BV1Dg4y1L7hd,搞笑,6356211,505264,88862,41634
当你总觉得自己很独特时,大黑口,https://b23.tv/BV1eh41177oB,小剧场,6496057,1228990,250877,228225
正方形刷野世界纪录：2.32秒瞬杀4个buff！打出理论极限的最终奥秘！！,布锅锅,https://b23.tv/BV1Yo4y1t7n1,电子竞技,4135085,293387,147818,43832
“有 种 你 试 试”,烟季,https://b23.tv/BV1Lk4y1n7dL,MAD·AMV,2922167,337331,144164,152675
《 鸡 哥 天 下 第 一 》,哦呼w,https://b23.tv/BV1am4y1175K,鬼畜调教,6926788,912379,400366,351683
把我意大利炮拿来！,高斯Goh,https://b23.tv/BV1JM411G7yC,搞笑,5043558,325004,118075,87134
看完4月新番，外星人连夜毁灭地球......【泛式】,泛式,https://b23.tv/BV1gs4y1w7jK,动漫杂谈,3520833,345660,246613,81252
《原神》角色演示-「卡维：忱挚织穹」,原神,https://b23.tv/BV1MT411H7ia,手机游戏,2162993,172685,37645,28245
“可数学啊，蒙蔽双眼！”,自动鬼畜中的WZ,https://b23.tv/BV1Qg4y1L7M1,人力VOCALOID,5731760,425587,121570,119360
家里出道的第一天！希望得到大家的鼓励...,-小D-biu,https://b23.tv/BV1ro4y1w7Vs,明星舞蹈,5458114,535607,39049,61006
"【Minecraft】我们烧了张rtx4090,只为这300秒极致画面",LIF帧木得制作组,https://b23.tv/BV1Vk4y1n74b,单机游戏,3290554,337046,289849,139991
一群up主在欢乐谷玩共享位置捉迷藏！效果爆炸！【最终集】,中国BOY超级大猩猩,https://b23.tv/BV1ph41177Mt,搞笑,4181751,360203,131853,72791
实拍立体机动装置！以梦为翅膀，翱翔于天际！,剑客范十三,https://b23.tv/BV1DX4y1m7Uf,运动综合,2847413,277043,103317,45886
把鲱鱼罐头做成灌汤包给兄弟吃，兄弟好吃到哭！！！,骚拳超人,https://b23.tv/BV19M411G7V4,搞笑,2268557,138421,68317,22485
《 机 枪 模 拟 器 》,马鹿blyat,https://b23.tv/BV1Jz4y1Y7tB,极客DIY,4215325,356226,160163,62938
当你试图扼杀我的电竞精神时 你已经输了,星有野,https://b23.tv/BV1VV4y1d7BK,短片·手书·配音,5527817,542592,174982,92484
真的不是全国都这样的吗？,粤知一二,https://b23.tv/BV1Xa4y137u7,搞笑,4710322,346700,4480,26375
你在做一种很新的电脑,开箱嘤嘤怪,https://b23.tv/BV1eP411273p,极客DIY,5887636,376842,25761,48829
爆肝30天，手绘400张社会摇，泰裤辣！！,没有蜡笔的小新-新,https://b23.tv/BV1ps4y1w7wT,绘画,2588446,355494,130413,50572
《如何快速变老》：给所有人的科学变老指南,哔哩哔哩弹幕网,https://b23.tv/BV1Fo4y1L7AU,科学科普,2001749,81721,31229,31014
咱就是说，这是纯友谊，还是真爱情？,没问题蚊西,https://b23.tv/BV1Vk4y1n7X1,人文历史,5357823,594231,22587,127262
《自制沉浸逝战斗电竞仓》,苏打baka,https://b23.tv/BV1Ga4y1G7eP,数码,3295704,197750,61248,24719
(oiiaioooooiai)²,浑元Rysn,https://b23.tv/BV1TM411G7Lz,演奏,2818971,351816,33789,95116
家人们谁懂啊 琛总的现场看一眼就会爆炸,凉鹿鹿鹿,https://b23.tv/BV18X4y1U7u5,运动综合,3213126,435505,79662,46441
真的没人吃这玩意吗？！,黑猫厨房,https://b23.tv/BV1ya4y1V7JD,美食制作,3602321,174952,35768,13203
奇行种，也没有多奇怪嘛……,酸梨大王,https://b23.tv/BV1fh41157au,搞笑,2931251,243797,45483,27893
和 牛 宴 天 花 板,阿彭彭阿,https://b23.tv/BV18V4y1k7Kk,美食制作,3812307,237932,86971,25919
埃及博主点评《闪耀暖暖》中的埃及艳后套装！,埃及南希,https://b23.tv/BV1ZM4y1t7pN,手机游戏,2278217,163217,14364,24150
为什么现在再也没人提“百慕大三角”了？,李论科学,https://b23.tv/BV16z4y1h7gh,科学科普,4200446,279686,13412,22832
斗电子蛐蛐.品百味人生,旺仔有内涵,https://b23.tv/BV1EM411G7vq,搞笑,4368595,349457,12098,24930
可爱捏~happy猫玩具来了！真的泰裤辣！,机智的Kason,https://b23.tv/BV1Rh4y1n7bX,手工,3186513,323475,46518,76962
CP29和我一起跳舞,卡琳娜和揉西,https://b23.tv/BV1us4y137PS,手机游戏,1131375,166655,18758,11900
跪着刷完！13家全国最强博物馆，审美暴击！,破产兄弟BrokeBros,https://b23.tv/BV1Yg4y1j7UE,出行,738685,57714,49251,23804
放手啊,田花花,https://b23.tv/BV1f14y1Z7My,动物二创,3442383,281756,6346,16199
高低不能让这瑶骑我头上,落九川,https://b23.tv/BV1DP411y7RS,搞笑,4663499,239031,50129,99760
中国人自己的李知勋！女生宿舍《Super》运镜灯光秀,黑糖啵啵梅子酒,https://b23.tv/BV1w14y1f7RZ,明星舞蹈,2175971,380841,53154,34211
谁喜欢克拉拉(史瓦罗)我不说,害羞7,https://b23.tv/BV1Gh4y1H78v,仿妆cos,2377145,371841,46756,79462
寒冬将至！深度解析《漫长的季节》背后的时代寓言,斑鸠鸭,https://b23.tv/BV1Zk4y177AB,影视杂谈,754711,38634,22345,11698
雨雪、冰冻、陡坡！三天行程4600公里，睡不到10小时，特种兵式旅游是快乐还是遭罪？,滤镜粉碎机,https://b23.tv/BV1Gs4y1X7jK,社会,763152,62525,53203,14613
“不只是传统3.0”，惊艳了世界，却埋没在故乡。,美南子哇,https://b23.tv/BV1Kh4y1H7uy,时尚潮流,437080,65698,13532,14911
15岁初中生在客厅当众洗澡？澡堂一样的家，一夜变为花园别墅？,橙熟的设计,https://b23.tv/BV1Hh41177jw,家居房产,2307499,39511,881,10993
不好意思 买到真的了,手工阿强,https://b23.tv/BV1no4y1L7Ka,特摄,4756643,433201,12900,49062
【MARiA】乘风2023初舞台！《极乐净土》，虽迟但到！,GARNiDELiA,https://b23.tv/BV1HM4y1b79Z,综艺,17954363,1163564,579077,315851
电鸡小子,牛战士历险记本人,https://b23.tv/BV1ia4y1G7VW,手工,7648568,982090,132305,220966
每秒176.65转！许昕VS高速机摄影机，谁会更胜一筹？,亿点点不一样,https://b23.tv/BV1es4y137vg,野生技能协会,6113157,356332,87860,66151
给内娱一点小小的二次元震撼！！！,三代鹿人,https://b23.tv/BV1Ka4y1V7BL,娱乐杂谈,5075450,309592,34936,26991
打造猫德学院娱乐休闲中心，让小猫咪们德智体美劳全面发展,本喵叫兔兔,https://b23.tv/BV13o4y1A7Jp,喵星人,2876309,462348,477844,39262
《崩坏：星穹铁道》动画短片「飞光」,崩坏星穹铁道,https://b23.tv/BV16g4y157Zc,短片·手书·配音,5951713,511734,291833,145104
6年，我回来了！,盗月社食遇记,https://b23.tv/BV1da4y1g7Df,美食侦探,4224582,248349,177218,36615
《 天 价 水 果 》第五期,记录生活的蛋黄派,https://b23.tv/BV1Zg4y157KJ,美食记录,6519183,619263,199567,63014
【龚琳娜】戏腔+吟唱+rap三重惊喜燃炸了！国家队演绎《什么是快乐星球》,龚琳娜,https://b23.tv/BV1ca4y1V7dy,MV,3785394,184314,59649,31357
记录五一农村婚礼,不明如意,https://b23.tv/BV1FT41187bY,三农,2661397,220288,191735,23975
【极乐净土】时隔6年再挑战，美依礼芽冲啊！,刘安猪Andrew,https://b23.tv/BV1NX4y1m7Dh,宅舞,4740939,566025,81329,47538
科目三：你 的 名 字,-磨树狮-,https://b23.tv/BV1nm4y1h7Nq,鬼畜剧场,3972650,294548,117369,79071
“传统鬼畜当然要用传统曲目！”,自动鬼畜中的WZ,https://b23.tv/BV1ds4y1D7g5,人力VOCALOID,3168693,495238,161994,125878
碳水特种兵！在陕西一天干3顿面，是种怎样的体验？饮 食 男 女【01】,盗月社食遇记,https://b23.tv/BV1H24y1T7rX,美食侦探,2951606,204062,129878,28727
“这短短2分钟，承载的是我们最美好的童年。”,进击的金厂长,https://b23.tv/BV1FV4y1C7Q2,综合,5887209,522522,189958,159723
我花了15000元cosplay孙悟空去外国漫展,不是柯桑德,https://b23.tv/BV1Az4y187iE,日常,2776727,250233,177818,34690
高燃来袭！老年电竞队挑战南京Hero全纪录,海棠家的大肥鱼,https://b23.tv/BV1Az4y187ub,电子竞技,2192348,52952,6644,9967
【基萨利斯JISARIZ】第一话 穿越森林的奔跑 【官方熟肉】,井上正大-官方,https://b23.tv/BV1BM4y1b7Q2,特摄,944993,110828,96977,31376
我用72斤碎海绵做了个巨型汉堡沙发！还是蟹黄堡配方！,柴总在忙,https://b23.tv/BV1DM4y1b7mz,家居房产,5456426,321191,17855,68501
首先声明一下，这不是炫耀，我也没进去,疆域阿力木,https://b23.tv/BV1Wc411K7Dw,三农,2962256,338057,11207,6287
【原神/星穹铁道|填翻】世界上另一个我！,龙虾ゞ,https://b23.tv/BV1Km4y1y71s,GMV,3358710,434512,153475,281095
注意看，她又说要减肥了,圣光老山药,https://b23.tv/BV1om4y1875i,短片·手书·配音,2643433,229645,6261,28559
实测丨去了趟澳门，我看到了赌博必输的真相？,-LKs-,https://b23.tv/BV1yV4y1k78J,社科·法律·心理,2735684,179702,48060,32316
aespa《Spicy》MV,SMTOWN,https://b23.tv/BV1qz4y1a7m8,MV,3381696,154887,59931,59382
钢铁侠内部豪华装修！鬼知道我做了多久这些细节！爆甲MK7 非HT模型模玩hottoys,玩先森的TOYS,https://b23.tv/BV1pc411K7um,手办·模玩,2001537,166017,152969,54394
【极乐净土】练家子版！近战型二次元前来报道...,-小D-biu,https://b23.tv/BV1DP41117hn,宅舞,2124154,191162,29089,29628
“万一赢了呢？”,阳光男孩小丑熊,https://b23.tv/BV1p24y1T7nz,电子竞技,2511421,296943,95229,27097
是谁的DNA动了! 极 乐 净 土❤️竖屏【咬人猫】,=咬人猫=,https://b23.tv/BV1HP411179h,宅舞,1225087,117613,24783,26988
《天气之子 ·幻》,Strictlyviolin荀博,https://b23.tv/BV1Qs4y1X7Vt,演奏,1562182,352939,19423,71204
挑战在cp29和一百位coser比心！,菌儿rikushi,https://b23.tv/BV19T411b7nE,出行,1797928,188189,17098,81679
【ilem&洛天依原创合作曲】大地球歌厅【正式开业 一起来唱！】,洛天依,https://b23.tv/BV1Xs4y1377m,VOCALOID·UTAU,1072185,109064,21017,19269
为了控制自己少吃零食，我做了一个每天只能打开一次的零食盲盒屋。,闲人祝幸福,https://b23.tv/BV1YM4y1b7iT,家居房产,1695081,79358,3566,11219
在水里游了5个小时，来看正片什么样？,-谢安然-,https://b23.tv/BV17T411h7WU,仿妆cos,1625443,167650,26393,33290
淄博爆火一个月，喜忧参半的本地人,三宋在这,https://b23.tv/BV1oX4y127NC,日常,1556084,128921,88066,18725
一个响指，共鸣时代悲歌！《漫长的季节》,怪兽电台MonsterBlog,https://b23.tv/BV1qL41187Uz,影视剪辑,1087863,74743,58656,37783
【泰国广告挑战】香菜历险记,张津铭,https://b23.tv/BV1Pa4y137ku,时尚潮流,1391450,206897,6454,13729
外国音乐人如何评价中国电视剧《仙剑奇侠传》OST?,拉美小姐姐Waleska,https://b23.tv/BV1qM4y1b738,乐评盘点,1370148,62460,25583,9297
【(G)I-DLE】[M/V] - ‘Allergy’,GIDLEofficial,https://b23.tv/BV1oL41187cU,MV,5023242,279629,143396,143512
"露肤度低, 但回头率高! 163cm55kg 知性姐系 夏日通勤穿搭指南",鹦鹉梨,https://b23.tv/BV14o4y1c7xe,穿搭,1571915,75461,16113,43705
养一只中华田园犬有多香？它一点也不土，忠诚勇敢，自理能力强，不用多操心，给它一口饭吃跟你一辈子。,田园犬三仟,https://b23.tv/BV1Gh411L7UZ,汪星人,2503835,342013,8809,27361
龚琳娜美依礼芽日语唱花海 |乘风2023,龚琳娜,https://b23.tv/BV1iL411z76f,音乐现场,10220848,910325,773786,300952
9.4！超越《隐秘的角落》！它为何能引发集体共鸣？全集解读《漫长的季节》,木鱼水心,https://b23.tv/BV1mL411z7Kf,影视杂谈,10033954,1008976,1026033,440810
【MARiA】今天的《花海》你们喜欢吗？很高兴和老龚合作！,GARNiDELiA,https://b23.tv/BV1No4y1w7mQ,综艺,8365928,815589,651468,248787
【何同学】为了找到流量密码，我们做了个假B站...,老师好我叫何同学,https://b23.tv/BV1AP411d7Qa,软件应用,7099254,658821,332976,142708
小潮team擂台赛,小潮院长,https://b23.tv/BV19V4y1r7xR,搞笑,6774362,566127,298425,153959
【诺子】真正优秀的无障碍是什么样子？盲人第一视角出行测评广州地铁！,诺子喵呜,https://b23.tv/BV1ps4y1Q7Yy,出行,4578682,438888,111928,56889
“武陵猫捕鱼为业！”,Pooh的小屋,https://b23.tv/BV1hM4y1t7tz,喵星人,5677658,533058,94532,142025
【胡夏X女儿情】女儿柔肠寸寸是相思，胡夏清泉音色诠释三世意难平,梦幻西游电脑版,https://b23.tv/BV14k4y1L7My,原创音乐,6196900,157906,84342,62995
五天连爬五岳 今天最后一站 华山！,旺仔有内涵,https://b23.tv/BV1Eh4y1t7oY,搞笑,4071037,547398,118849,25222
【沈月】翁小雯结婚 谁哭得最大声,沈月本人,https://b23.tv/BV1yT411t77v,明星综合,3239281,434345,224400,73388
《崩坏：星穹铁道》景元角色PV——「天地为枰」,崩坏星穹铁道,https://b23.tv/BV11z4y187KN,手机游戏,5036251,375370,147757,78461
英国战忽局是谁成立的？【硬核狠人52】,小约翰可汗,https://b23.tv/BV11s4y1Q7Yf,人文历史,3407960,238381,100729,35795
《赛博方丈》豆瓣2.8,神奇的老皮VFX,https://b23.tv/BV1WV4y1k7oe,搞笑,3744976,247146,84313,62205
【基德】加纳国家崩溃报告：天降痿人,吟游诗人基德,https://b23.tv/BV1gg4y1V73N,科学科普,4118773,214753,35394,35104
《原神》3.7版本PV：「决斗！召唤之巅！」,原神,https://b23.tv/BV1MM4y1t7v1,手机游戏,4420085,168886,32682,24936
这辈子没这么崩溃过！！！,黑猫厨房,https://b23.tv/BV1jo4y1V74C,家居房产,3415232,278686,99867,23522
【罗翔】去过很多地方，看过很多美景，旅行的意义在哪里？,罗翔说刑法,https://b23.tv/BV1Fk4y1j79c,社科·法律·心理,3599477,254439,122522,75669
我的试作高达 蕉原一号！塞尔达王国之泪,SoulBanana蕉蕉,https://b23.tv/BV16o4y1V7Qr,手机游戏,2746364,80032,12898,16720
沉浸式吃席，花钱也吃不到的300人盛大傣族村宴，吃哭了。,日食记,https://b23.tv/BV1qT411x7FR,美食制作,2869812,279378,223673,73063
改革春风吹满地，99春晚挺国际，有歌有舞有好戏，团圆携手跨世纪！【难忘今朝1999】,培根悖论唠唠嗑,https://b23.tv/BV1is4y1M7Dz,影视杂谈,1732111,99958,75346,27206
“最后说一次，玛卡巴卡也要开始加速了！”——『花 园 制 造』！！,笔龙XDDD,https://b23.tv/BV1xo4y1V7KE,MAD·AMV,2034581,191723,55209,103939
星穹铁道最浪漫的支线，没有之一！！！,哦漏QAQ,https://b23.tv/BV1wT411t7HA,手机游戏,3368647,402984,266816,223329
【星穹铁道丨青雀】“自己的牌，想胡就糊”,司墨尧smile,https://b23.tv/BV1No4y1w7BV,原创音乐,3155992,369941,89030,121754
【倒影 | 官方MV 】周杰伦 你的倒影是我带不走的风景 ⋯ 尽管美景带不走 音乐和影像会留在你们心中,杰威尔音乐,https://b23.tv/BV12o4y1V78X,MV,2014829,154259,89559,40055
中 国 功 夫,含亮老师,https://b23.tv/BV1DX4y117u5,运动综合,3722594,485426,255270,77254
全程高能！红孩儿的前世今生，这魔童究竟哪门哪派？,啊粥粥啊粥,https://b23.tv/BV1yg4y1G7jY,影视杂谈,2058782,140778,128331,34428
把作业烧了 吃烧烤,乡村教师日记,https://b23.tv/BV1Rs4y1B7Fs,三农,965563,82911,67864,5307
坏消息：鬼有电锯。好消息：我有枪,老番茄,https://b23.tv/BV1gT411t7qX,搞笑,4192662,396481,76990,79976
很多人问我为什么这么丑,我是超人cr,https://b23.tv/BV1F24y1K78q,绘画,3906294,558747,11830,45377
朋友问我塞尔达怎么还没通关,鱼丸公公,https://b23.tv/BV18h411571k,短片·手书·配音,1777277,184931,89630,69471
中国男子用树枝做千万特效角色,郑太阳Sun,https://b23.tv/BV1ps4y1g7fq,手工,4279689,557546,189698,49679
想看看大家高中的照片，想看看大家热烈的青春。,良田田田,https://b23.tv/BV1Nh411w7vX,时尚潮流,3770922,380815,13252,36720
《豆 腐 烫 人 事 件》,盗月社食遇记,https://b23.tv/BV1Xh411c7Px,美食侦探,1836100,153265,75609,14452
可是雪，飘进法律,俏佳人xxx,https://b23.tv/BV1vh411c7W1,社科·法律·心理,7381089,846179,17342,55043
【鬼谷闲谈】玉米：我已面目全非 但归来仍是王者,芳斯塔芙,https://b23.tv/BV1bs4y1g747,科学科普,1867494,170432,63297,31747
【原神动画】长生：let me do it for you⭐,比彼,https://b23.tv/BV1sk4y1L7vc,短片·手书·配音,2255483,355825,32055,94161
最强七人即将集结！《七人传奇：光与暗之交战》终测定档5月30日！,七人传奇光与暗之交战,https://b23.tv/BV1xX4y117v7,手机游戏,1174148,20050,3869,3455
【STN快报第七季15】花几百万都没养成六星，难怪我爸老是看我不顺眼。,STN工作室,https://b23.tv/BV1fh4y147XU,单机游戏,1462262,119104,84006,21625
各地人无形中的炫富！,粤知一二,https://b23.tv/BV17L411679y,搞笑,4659010,439398,9977,30727
惊天大发现（密）！我找到一个人对抗孤独的方法了耶！,超Carry的柴西,https://b23.tv/BV1is4y1Q7FG,出行,2211234,102785,50905,32499
离谱！我60岁老爹居然是个游戏肝帝。,史蒂猪StevenPig,https://b23.tv/BV1ic411K7YU,单机游戏,3263673,319202,87155,42132
⚡️“可是雪啊，埋进土里”⚡️,寒了个羽,https://b23.tv/BV1QX4y127jq,人力VOCALOID,4831752,464480,334845,251337
给喜欢扣6的前任写了首歌,SuperA,https://b23.tv/BV11h41157PT,原创音乐,1701066,174781,48162,60240
有钱都买不到的海神后海螯虾，颜值爆表，刺身整只抱着啃爽翻了,小文哥吃吃吃,https://b23.tv/BV1mg4y157mG,美食制作,1444553,91524,14101,4382
哭了！妈妈竟然把她两闺蜜找来一起演奏《未闻花名》secret base ~君がくれたもの~,玩音乐的EZ,https://b23.tv/BV1co4y157wf,演奏,2790682,342398,183199,84611
挑战！当玛丽苏女主走进现实！三十米长发，美得惊心动魄......,小耳朵图图tu-,https://b23.tv/BV1dP411R7vn,搞笑,1088500,64006,27661,13411
当不同分区的up主一起跳《极乐净土》,-欣小萌-,https://b23.tv/BV1nX4y1C72J,宅舞,5266338,828072,333622,207308
不好意思，在球场我不会给任何人机会！,永琪吗,https://b23.tv/BV1ks4y1M7sz,搞笑,6949861,930726,68306,85137
在重庆，只有魔法能战胜魔法。,不自由摄影师winga,https://b23.tv/BV1eo4y1G7iJ,数码,4029409,297262,135827,70111
【速效休息】20分钟躺平冥想，重启大脑提高专注力 |考生必备,范李猿,https://b23.tv/BV1nm4y1t7t5,健身,3771578,329671,128144,460082
推东北偶像，当然要用东北话来打call ！！长春地下偶像Blossom首次公演歌切（字幕附）,芥茉家的ghost,https://b23.tv/BV14c411A72x,音乐现场,4154547,227039,37487,77933
【医学博士】熬夜后这四个迹象！说明你的身体已经到极限了！I 连续熬夜一年，这是身体的变化,兔叭咯,https://b23.tv/BV1pu411x7m8,科学科普,3988735,228864,59339,107403
【冰冰vlog.009】喂食记,吃花椒的喵酱,https://b23.tv/BV1TM4y1B7Kh,日常,2166748,201467,80386,26276
兆惠·平准战争：乾隆的怒火，如何摧毁一个国家？【乾隆往事】,正直讲史-李正Str,https://b23.tv/BV1cX4y1y7qR,人文历史,2209812,153109,152443,47649
要被这曹操盖饭笑死哈哈哈！,龙大人不喷火,https://b23.tv/BV1jP41197yV,人力VOCALOID,6432426,418952,112815,137124
欢迎来到大学生的世界，高考生们。,豆豆豆豆逗是我,https://b23.tv/BV1ZV4y1B7Df,搞笑,5106196,465044,210298,163111
亚洲最年轻的国家在哪里？【奇葩小国47】,小约翰可汗,https://b23.tv/BV1No4y1G7t3,人文历史,4271894,286746,170280,51158
工业化流水线洗狗,九品芝麻铲屎官,https://b23.tv/BV1FM4y1i79V,汪星人,3622659,335165,181089,51924
🤣👉 盒↗盒↗盒↘盒↘盒,球球特别大,https://b23.tv/BV1sc411N76j,鬼畜调教,3428450,197904,22616,47559
我和吕思清老师合作啦！把古诗词改成原创歌曲《观书有感》,Vicky宣宣,https://b23.tv/BV1fs4y1K7wp,原创音乐,2050090,269839,78293,38803
《原神》角色演示-「绮良良：歧尾万巷行」,原神,https://b23.tv/BV1sP411d7Jc,手机游戏,3357324,246088,48154,29203
我被开除啦！！,小傲想睡觉,https://b23.tv/BV14V4y167de,搞笑,3563572,263313,70434,47374
明天她要结婚了，我该怎么办？,盗月社食遇记,https://b23.tv/BV1Ws4y1M7e2,日常,3181006,228539,172578,31721
以为是只白斩鸡，一刀下去好震惊！,绵羊料理,https://b23.tv/BV1Th411c7q5,美食制作,4714119,354416,145473,38752
喧闹任其喧闹 自有我自为之，我自风情万种 与世无争。,良田田田,https://b23.tv/BV11s4y1M7av,时尚潮流,3023774,504738,171171,30918
一面镜子100万？我们想给空气照张相，于是……,影视飓风,https://b23.tv/BV1kV4y1B7TC,科学科普,3864792,346913,77869,49317
你真的看懂拜月了吗？拜月背后的宗教霸权与科技忧思！【仙剑奇侠传深度解析02】,Claire的编辑室,https://b23.tv/BV1fM4y1q79Y,影视杂谈,628480,31226,17934,9651
【碧蓝航线6周年】「碧海流年，心跳如初——碧蓝航线6周年特别放送」全程回顾,碧蓝航线,https://b23.tv/BV1Uo4y1F7eq,手机游戏,3276794,136366,19060,15933
百人爆肝4000小时⚡史上最强阴阳师cosplay⚡看过的人都…,萧影殿下,https://b23.tv/BV1Mc411A7uP,手机游戏,1541785,125899,102632,52706
被老婆夸是全世界最会做猪蹄的男人。,日食记,https://b23.tv/BV1Eh4y14789,美食制作,3453276,178786,32919,75632
⚡️卡芙卡⚡️我们还能不能再见面⚡️😭,一奶茶本茶一,https://b23.tv/BV16o4y1F7Vi,短片·手书·配音,1538949,248531,29608,70649
耗时20天！在纸上玩火影忍者,棕与灰9,https://b23.tv/BV1So4y1G7hn,短片·手书·配音,2337498,256352,116304,49368
玫瑰花是如何度过520的,张津铭,https://b23.tv/BV1yP41197PH,时尚潮流,2583657,407185,19807,26791
绝望周末又开始了,疯狂小杨哥,https://b23.tv/BV1Xg4y1F7ds,搞笑,3961497,309957,11838,16085
这一嗓子直接让我回到了快乐星球！！！,真栗,https://b23.tv/BV1zm4y1t7P7,翻唱,2726756,116239,50987,33019
哈哈哈道爷我成了！🔥《道诡异仙》真人版,紫醉小迷兒,https://b23.tv/BV1sc411K79t,影视剪辑,893912,67500,27273,23016
这位更是重量级,姜峰真的苟,https://b23.tv/BV1xg4y1c7ua,搞笑,5067749,549186,15377,103543
在淄博烧烤店打工是一种什么体验,拉宏桑,https://b23.tv/BV12h4y1t7dV,出行,1694682,103877,25616,6189
这个游戏出现在21世纪还是太先锋了,某幻君,https://b23.tv/BV1UV4y1z77S,单机游戏,2651622,235247,145230,94797
进 来 看 姬 小 满 踢 腿！ 🔥,河野华,https://b23.tv/BV1uk4y1x7N5,宅舞,2533759,156237,23640,39841
赚翻了！“无用脚踏”带来这么多好处！,墨轩TG,https://b23.tv/BV18V4y167Vn,网络游戏,671179,83207,61297,7022
一个高中生自己写的歌——《向日葵先生》,呆啊歪歪涵,https://b23.tv/BV1xs4y1z7b9,原创音乐,2978167,371210,168583,144912
DIYvlog｜0成本💰改造！今天是朋友剩下的伴娘裙～,铁一WENDYZ,https://b23.tv/BV1Qu411W7Yi,仿妆cos,1543658,217604,9306,26210
CORSAK胡梦周｜光遇夜行季推广曲《暮Passage》MV,CORSAK官方频道,https://b23.tv/BV1Rs4y1K7W3,MV,1146230,53170,2833,9354
亚洲首富垄断印度经济，竟然被做空了,小Lin说,https://b23.tv/BV1wz4y1b7y4,财经商业,1685335,64714,12479,7969
四五月女团大战谁赢了？aespa、IVE、(G)I-DLE、LE SSERAFIM、JISOO、FIFTY FIFTY、李彩演,凌世昊,https://b23.tv/BV1BT411x7PX,乐评盘点,581194,18650,5548,4672
【东盟十国丨番外】都讲中文，东南亚华人和我们有何不同？,小王Albert,https://b23.tv/BV1TM4y1q7M4,人文历史,1453773,95003,36084,13652
新手下厨关于调料收藏这一个就够了，15个必买调料做9个家常味道，手把手教你炸厨房,泡厨房的顾小胖,https://b23.tv/BV1DP41197Dj,美食制作,1784497,104115,72090,180042
有野心从来不是贬义词 要站到更高的地方,氧化菊,https://b23.tv/BV1Yh411F7m4,时尚潮流,655251,96875,10415,10957
硬核巨型烤全羊让芬兰家人惊到傻眼！英国朋友兴奋尖叫！滋滋冒油骨头都吃掉！三家人首次合体嗨翻天！,雨琪在芬兰,https://b23.tv/BV1Wa4y1g7YM,美食记录,1735270,160080,112298,14949
初代国模顶流瞿颖，最炸裂的人生，最“摆烂”的活法【人间最强】,Vista看天下,https://b23.tv/BV1Zk4y1L7ve,娱乐杂谈,760458,40220,3682,6346
自制水路两栖钓鱼房车,手工耿,https://b23.tv/BV1HP411D7Rj,极客DIY,5283537,503557,247905,57708
《防空模拟器》,马鹿blyat,https://b23.tv/BV1qk4y1x72X,极客DIY,5168620,421544,120198,61413
10元一份，文旅局长带我吃才知道，这碗粉为什么会火爆云南！,盗月社食遇记,https://b23.tv/BV1no4y1M7PM,美食侦探,2912805,300108,184343,34117
【邓紫棋的VLOG】马尔代夫-天堂之旅,GEM鄧紫棋,https://b23.tv/BV1Yk4y1W7sX,音乐综合,3951371,284479,62596,46549
《重返未来：1999》公测PV上映：雨幕之间 时代重映,重返未来1999,https://b23.tv/BV1rk4y1L73b,手机游戏,4760262,104647,23191,24763
世纪大奔现！UP主与粉丝的拉萨之约！【令人澎湃的西藏】泪目收官,好奇星人知识喵,https://b23.tv/BV1f8411Z7R1,人文历史,1595395,25835,2821,4255
猜错了扣工资！！！,高斯Goh,https://b23.tv/BV1nu4y1f78E,桌游棋牌,3844665,268407,89163,55588
保护小潮院长,杜海皇,https://b23.tv/BV1rM4y1v7Vo,单机游戏,3743775,267904,79773,52807
白银亚索vs王者拉克丝，嘴强还是真强？真金白银vs最强王者#3,上单老祖,https://b23.tv/BV1TP411X7Rn,电子竞技,2927418,189407,33726,8777
6天6种人民币背景 挑战完成.祖国大好河山,旺仔有内涵,https://b23.tv/BV1Fk4y1s7DX,搞笑,3242629,543959,169237,37322
自己动手❗️改造父母卧室的第二天，自制无主灯吊顶,在逃许师傅,https://b23.tv/BV1Hs4y1T77L,家居房产,734844,118857,7014,8188
【STN快报第七季17】科乐美游戏开发第一步，开发律师函,STN工作室,https://b23.tv/BV1kM4y1i7vL,单机游戏,1329979,113299,78316,19095
谁能比拉姆更倒霉？【小约翰】,小约翰可汗,https://b23.tv/BV1rM4y1e7XK,人文历史,2578429,240164,131121,43397
《原神》过场动画-「流星知愿」,原神,https://b23.tv/BV1Zh4y1x7RL,手机游戏,2007517,217773,160619,83028
今天骑它去镇上拿快递，为了赶时间只能边骑边做饭,乡野小罗呀,https://b23.tv/BV1cX4y1a7iC,科工机械,3415482,265317,9533,25978
童年那么长，原来也就一首歌的时间啊！,央视新闻,https://b23.tv/BV1Xk4y1W7jT,综合,3869147,502401,232398,161523
《崩坏：星穹铁道》1.1版本「银河漫游」前瞻特别节目,崩坏星穹铁道,https://b23.tv/BV1Xu411W7Sp,手机游戏,2357786,164147,33144,22379
【每天6杯咖啡】我的身体发生了什么变化?!,帅soserious,https://b23.tv/BV1G8411f7cX,健身,2640767,115710,42103,38487
可爱…就是女生的必杀技！,-小D-biu,https://b23.tv/BV1du411p7dk,国风舞蹈,3234452,173147,16693,38358
消失的18块,甜蜜老张,https://b23.tv/BV1em4y14762,搞笑,6730833,247261,5990,25965
住手啊！要看不过来了！2023年7月新番导视！【泛式】,泛式,https://b23.tv/BV1sd4y1f7j6,动漫杂谈,2701340,251376,80448,65266
小傲小潮到处跑！整点淄博小烧烤！,小傲想睡觉,https://b23.tv/BV1Um4y1474e,搞笑,3443691,187345,50749,39961
能不能在法庭上整活（11）,俏佳人xxx,https://b23.tv/BV1eh4y1o7v7,社科·法律·心理,3519741,489824,40495,26094
《神兵小将》魔兽魔兽乖，坏人都被赶跑啦！,浅影阿,https://b23.tv/BV14h4y147Se,翻唱,1417205,101084,29655,18908
被广泛误读的《海的女儿》原版到底有多震撼？大量隐藏原文！真正的结局将颠覆你的童年记忆…,二二酸酸,https://b23.tv/BV1Zm4y1t7AX,影视杂谈,4141479,396612,122067,234168
前奏一响！没错…是童年无限循环的那首歌～,咻咻满,https://b23.tv/BV1GP411D7Ut,翻唱,2038698,93077,46216,35859
伍佰给别人写的歌是什么水平?丨HOPICO,HOPICO,https://b23.tv/BV1uM4y1B751,乐评盘点,1857618,91273,49090,22259
南方火锅vs北方火锅【定格动画】,红胡子老爹定格工坊,https://b23.tv/BV1Wu411s78B,手工,1407505,105850,31561,8035
《第二十五单心愿未完成》,好梦一日游zi,https://b23.tv/BV1TX4y1a74m,日常,3285362,439455,240788,51715
【传染病简史5】狂犬病：例无虚发，病死率99.99%的不治之症,医学科普联盟,https://b23.tv/BV1nd4y1f7Lo,科学科普,1459466,97136,35651,19102
让17位UP主续写同一段旋律，结果居然...?,-LKs-,https://b23.tv/BV1sX4y1h7yK,乐评盘点,1530190,146125,56906,55250
九龄｜极乐净土｜虽迟但到、索尼超甜～,是一只九龄,https://b23.tv/BV12L411v7m6,宅舞,3636655,201466,53721,65421
第一次带妈妈旅行！此刻她既自信又明朗～,阿靖zi-,https://b23.tv/BV15M4y1i72K,美妆护肤,812336,127459,12567,8852
【苏司喵】和ITZY一起跳Cheshire！梦想演唱会后台采访VLOG,苏司喵susiemeoww,https://b23.tv/BV1Mm4y147y3,明星舞蹈,1409259,184918,14219,24389
川 渝 美 女 三 选 一 💜,河野华,https://b23.tv/BV1gX4y1a7jK,仿妆cos,1162530,88657,11518,18050
小伙带着粉丝寄来的15个快递盲盒挑战孤岛求生，开局就让人大跌眼镜，直接原地降落,黄天麒,https://b23.tv/BV1jL411q7ZE,出行,1285495,30684,5460,8943
刘备临终托孤的地方，李白笔下的白帝城，这里为何能名流千古？,巡游轨迹,https://b23.tv/BV19o4y1T79N,出行,1738759,27694,14916,8816
可是我还活着,無無無鱼子,https://b23.tv/BV1Am4y1b7E7,短片·手书·配音,1085075,201134,99950,57647
这3分钟，我拍了一年。。。,韩小四AprilHan,https://b23.tv/BV1AL411q7Uz,健身,1118229,92805,26124,14526
童年梦想成真！加菲猫的美味千层面秘方被我发现了……,二喵的饭,https://b23.tv/BV1d24y1A7W9,美食制作,1514800,146104,20330,28769
更适合中国宝宝的学士服怎么准备？！进来抄作业！,贰一七,https://b23.tv/BV1fV4y1B7e7,穿搭,338270,42160,1260,22752
“燃尽的欢宜香，是她的救赎。”,惯兰君,https://b23.tv/BV1Hs4y1M723,影视剪辑,521783,65058,17056,17658
2023毕业歌《我们都拥有海洋》｜bilibili×吴青峰,哔哩哔哩弹幕网,https://b23.tv/BV1BN411C73S,原创音乐,6115086,228063,97418,113885
京 海 魔 盗 团,青红造了个白,https://b23.tv/BV1qh4y1s7cv,影视剪辑,5774262,558697,347124,163919
戴过Vision Pro后，这些问题有了答案,影视飓风,https://b23.tv/BV1hu4y1d7uz,数码,3130411,216763,87708,33658
小潮别死,小潮院长,https://b23.tv/BV1gN411C7Dn,单机游戏,5700136,501385,189865,108872
新王登基！,薪儿姐师尊,https://b23.tv/BV1cz4y1B7y9,小剧场,4891727,423214,27570,32772
高速相机揭秘近视手术，医生在眼球上到底做了啥？,亿点点不一样,https://b23.tv/BV1Bs4y1e7xF,科学科普,4144944,481007,122211,103497
小室哲哉×幸田来未×碧蓝航线6周年主题曲《Jump to the Breeze》全球首发！,碧蓝航线,https://b23.tv/BV1qo4y137h1,明星综合,6099801,171963,27106,32183
逃税在美国有多危险？【神奇组织06】,小约翰可汗,https://b23.tv/BV1pM4y1e7Ke,人文历史,4247659,336134,104327,53216
这玩意火了200多年，你不会没吃过吧？,绵羊料理,https://b23.tv/BV1RW4y1973m,美食制作,5397081,361856,186460,41049
「小泽」Apple Vision Pro 真机佩戴体验：今天下午，我看见了未来。,钟文泽,https://b23.tv/BV1Ps4y1q7K2,数码,3537332,127672,49782,30479
《崩坏：星穹铁道》银狼角色PV——「有点意思」,崩坏星穹铁道,https://b23.tv/BV15o4y1u7pH,手机游戏,4156969,342506,116264,71229
挑战在英国伦敦全程只说中文，他们居然...,中国BOY超级大猩猩,https://b23.tv/BV1Jc411V7Gc,出行,4250260,437896,97133,44524
长 辈 不 妙 曲,十五的月亮廿九圆,https://b23.tv/BV1qL411v7ew,演奏,1718979,233326,7676,50533
起猛了…高圆圆居然来吃了我的刀削面,巴黎小郭郭,https://b23.tv/BV1yo4y1E7iq,日常,3826628,358429,11822,22336
农村青年骑行亚欧大陆去冰岛，来到霍尔果斯，明天出发,徐云流浪中国,https://b23.tv/BV1QW4y1R7yb,出行,1397121,121896,88869,10124
高考助力摇,宇崎学妹想要摇,https://b23.tv/BV1KL411i7re,手势·网红舞,2126050,224865,42326,21309
所有大题？答题模板！高考语文？必胜高分！【学过石油的语文老师】,学过石油的语文老师,https://b23.tv/BV1oh4y1s7Lb,校园学习,2138442,185747,85603,111815
以后不发法律视频了，感谢大家,俏佳人xxx,https://b23.tv/BV1um4y1t7aC,社科·法律·心理,5513245,712708,33834,29662
极限8小时，我和橘子海拍了「夏日漱石」,小鹿Lawrence,https://b23.tv/BV1yz4y1q79f,数码,2004695,30397,17499,7260
自制看家机器人,手工耿,https://b23.tv/BV1wP411B7Zx,极客DIY,3401462,230063,48220,15761
26岁，是高中生,老番茄,https://b23.tv/BV1zs4y1e7Cn,搞笑,3134796,342232,55899,32941
马拉松在特警训练面前不值一提！,李炮炮儿,https://b23.tv/BV1so4y1M7hH,搞笑,2975075,371112,14612,15894
这杯咖啡谁舍得喝呀，不得先玩几个小时,江寻千,https://b23.tv/BV1614y1D7hP,美食制作,1689095,115836,12966,32626
《明日方舟》SideStory「空想花庭」活动宣传PV,明日方舟,https://b23.tv/BV1eN41117Pb,手机游戏,2244867,140679,45322,20488
《聪明墨菲特》,TheShy,https://b23.tv/BV1Jz4y1q7sG,电子竞技,2625879,192766,9958,7970
这玩意是怎么做到全国不统一的？？！,大碗拿铁,https://b23.tv/BV16k4y1W7R1,美食制作,3391414,115617,9199,12021
怎么用5块钱换来一只羊。看好了，我只教一遍。,疆域阿力木,https://b23.tv/BV1Ro4y1E7nP,三农,1825715,138397,1463,1468
我和数学学霸的差距（本视频取材于本人真实经历,papi酱,https://b23.tv/BV1rs4y1e72w,搞笑,2746199,283534,20416,16370
【2023高考】让你安心的最后一课！条件翻译+考点梳理+考试锦囊！,一数,https://b23.tv/BV1Nc41137sq,校园学习,1744423,140874,68059,80518
香港街唱戏腔《探窗》！世界各地的人前来围观,Vaniah维,https://b23.tv/BV19W4y1R7gH,音乐现场,1152510,88173,32418,12933
全世界只有中国人实现的“西瓜自由”！全靠这位奶奶！,橘右美美子,https://b23.tv/BV1oX4y1b7od,科学科普,2598431,332248,60053,31450
千万别脱离互联网太久,粤知一二,https://b23.tv/BV1qV4y1z7mZ,搞笑,3985991,351426,5314,26816
亚洲最大“高考工厂”到底长啥样？带你直击最真实的毛坦厂！,直男Talk,https://b23.tv/BV1PV4y1S7Hm,财经商业,603569,52994,2879,4666
90秒速通崩铁剧情【星穹铁道极速版】,吾心如一,https://b23.tv/BV1qh4y1s7dx,手机游戏,2507555,352464,53793,88943
洛天依&HoneyWorks| Ah~今天一定要传递爱意，好きなんです 【恋爱色魔法】,洛天依,https://b23.tv/BV1pX4y1a7Cd,VOCALOID·UTAU,648307,118643,25542,35064
一个班的学生委托我改造他们的班主任,良田田田,https://b23.tv/BV1To4y1T7SW,时尚潮流,1453959,206485,9105,8895
带海皇吃了3天炸鸡，瘦了5斤,叔贵,https://b23.tv/BV1kX4y1t7QJ,健身,2218034,196002,33002,29754
《国之美·“世界的中心 第一神山”冈仁波齐》,摄影家罗红,https://b23.tv/BV17V4y1U7Dt,出行,492676,52007,3068,9096
网红被堵戛纳门口，竟然和巩俐龚俊一起走红毯？,AHALOLO,https://b23.tv/BV1yz4y1i71G,时尚潮流,539310,32834,12477,2694
【阿猛】如果快乐就行！那这也算多巴胺穿搭吧......,怪力阿猛,https://b23.tv/BV13k4y1s7AD,穿搭,257266,22917,15892,2095
